id;experiment_key;variant;user_id;anon_id;created_at
b9894ad4-387e-419f-893f-86dd4258d7fb;premium_cta_v1;A;a75c02a1-6432-4349-9b80-d1ca01468249;;2026-05-07 19:57:24.995805+00
fd003f7b-2141-4855-97ce-4711f3d069f9;premium_cta_v1;A;;3f577f60-1b95-41d1-a010-c1469ce0a749;2026-05-07 19:58:49.392602+00
0ea2567c-6da1-43dc-ad4e-36cfe2e93caf;premium_cta_v1;B;;b4e95370-c2cc-45ef-8461-5751a140ffeb;2026-05-07 20:23:03.811025+00
11a00381-1134-4e54-af06-255fc9ea29cb;premium_cta_v1;A;;8eb8ba5c-7daf-44ae-9190-3d4e34aa365e;2026-05-07 20:27:25.478214+00
3338bae3-4e2f-47dd-8541-18ad756593a6;premium_cta_v1;B;;102780fc-224d-4494-85e7-05785c253cf8;2026-05-07 20:29:43.537649+00
9d0f6f76-ee50-41e5-b2dd-41fda2039fde;premium_cta_v1;A;;eb07be52-2acb-4373-8c30-652c5a8992d7;2026-05-07 20:31:28.462229+00
113c2977-55e5-459b-9449-248c3acf39ab;premium_cta_v1;B;ea9b40c5-1c79-4b37-8e2a-f2f7d250c898;;2026-05-07 20:36:35.916718+00
c0ed4aed-b48a-452f-92a5-202b298713a3;premium_cta_v1;B;;cc41bbb5-cadf-4bfd-b4c4-2364844dfb13;2026-05-07 20:36:46.729715+00
e56fc56c-f7e2-4139-9fc5-fda6b3ab3169;premium_cta_v1;B;;91765ed5-c0fa-4612-9bb0-3fe531f50151;2026-05-07 20:44:19.756004+00
3e0b75fc-3dd0-42b2-ba22-f8865b68588f;premium_cta_v1;A;;8d577edc-e06b-46b4-9e0b-543ed46944db;2026-05-07 20:47:12.278413+00
29f552d5-b071-4269-968d-14da3ee4f790;premium_cta_v1;B;;2d03bebe-e1ff-49a9-8de9-f745310069a5;2026-05-07 20:51:32.371452+00
44f639ad-e2ca-4b7e-bf7e-dc0e7d78bd93;premium_cta_v1;A;;caf9fb64-4c0e-466c-9ad8-7abbfb02af69;2026-05-07 20:51:50.049715+00
03047270-7bdc-43e8-bb3a-02c27d3a83c7;premium_cta_v1;B;;63a1c1a7-5dbb-4c6f-a030-dfaf745fa231;2026-05-07 20:56:04.802084+00
83dc4863-d3f2-4496-b625-101937b96a2e;premium_cta_v1;A;;d2f28c49-8950-46f0-9723-dd2d33c6c32b;2026-05-08 05:48:56.548298+00
f38b2b8d-dbd7-43d3-8d4d-8f29a9b57bc8;premium_cta_v1;B;;b9dda1c4-f8ca-4d64-9a6c-fc839f577e3b;2026-05-08 06:33:39.232526+00
32782f47-0096-4918-9a6e-b1d4ec7db410;premium_cta_v1;A;;b46d921b-4306-441b-9197-dc181fa069cb;2026-05-10 13:56:17.287131+00
211bcf8e-d6b0-43e5-a61d-f12b621139c7;premium_cta_v1;A;;92af30e0-e468-4878-9695-bfd7cb8ca905;2026-05-10 13:59:51.539586+00
dc777206-d97a-4a19-abe0-6678f9a2479d;premium_cta_v1;A;;5f90b692-0df5-466b-b76d-00aa0fad337f;2026-05-10 14:15:29.965001+00
294e0993-8ea0-43d5-8867-f0e778a4dda1;premium_cta_v1;B;;8fad9abb-0c6b-4a2a-b6e2-6efa11df4c23;2026-05-11 12:21:20.051109+00
c3d00394-b087-463b-b3c8-8870d6ed1891;premium_cta_v1;A;;5c3a422e-f3c6-4198-aee3-4ac78daa78d1;2026-05-11 12:21:40.403603+00
a028690f-ca0b-416e-9e6a-7c6411fcce57;premium_cta_v1;B;;48087546-89dc-449d-844a-011f2edb1ac4;2026-05-11 12:45:43.436705+00
100dd536-ec11-4114-9603-2da8fab62412;premium_cta_v1;B;;ee4fb03d-7105-429c-ad22-99dfc5fbfad8;2026-05-11 15:44:19.682586+00
fe16de5f-72b3-4e8f-bf27-52f203e1812b;premium_cta_v1;B;;ef34f929-fec4-4f89-9cbc-c61fe2cc4756;2026-05-11 17:02:45.109125+00
179913eb-8be9-4685-a27c-454d5ddc2b0c;premium_cta_v1;A;;d3191456-cba1-497c-8d97-554434ab8bdc;2026-05-11 17:03:14.632573+00
ecc3410f-7875-4bee-945f-cc93caae3858;premium_cta_v1;B;;87572894-33f6-4de4-85c3-46fa9b945d48;2026-05-11 17:07:52.213413+00
e8db9531-2b52-49fb-a4ea-24285981893c;premium_cta_v1;B;;11d4dad7-b98b-49a4-abcd-9e7aef124b70;2026-05-11 17:09:02.279047+00
7f910f28-c066-4466-bf8b-df0a15399851;premium_cta_v1;A;;57810583-07fe-4cd4-951c-5d672047d4b3;2026-05-11 17:12:22.047209+00
696eb1a9-7ecf-4fcd-a415-c55503fcb9a5;premium_cta_v1;A;;c6882265-ea71-4571-8237-b27d3325b116;2026-05-11 17:12:24.536237+00
e7367a59-6f5f-47cf-9690-5ad5ee04db75;premium_cta_v1;B;;c855e1b9-c5a9-4e12-8739-7007295024be;2026-05-11 17:14:06.035396+00
e84f62ab-bb98-47b5-8264-1e883c32bc39;premium_cta_v1;A;8b2febed-754f-467c-9c58-7ba49b09f6ba;;2026-05-11 17:16:35.746424+00
86c8ae33-2581-4b2d-aafc-68b9ea888af4;premium_cta_v1;A;;66178722-19ee-4043-bf7f-832de0fd067d;2026-05-11 17:18:48.943481+00
1a6d4bf9-150e-4e73-8218-81870c92d095;premium_cta_v1;A;;30e8db96-9a1b-4aa4-80a5-fecb1379ec18;2026-05-11 17:20:09.631503+00
8e8f1532-7b4a-4e83-8d0c-d4ac0703eea4;premium_cta_v1;A;;a2d5f909-7d52-4548-a889-a1a52d7bbf5d;2026-05-11 17:23:15.14765+00
1a5d5d65-455b-4e41-b5ab-59a8499ebd08;premium_cta_v1;B;;21e67142-4f6d-4ce9-bc6b-26d0e8b0c1dd;2026-05-11 17:23:35.279576+00
9bbf43d7-8bb4-4a8e-ab03-77d1d99ffafd;premium_cta_v1;A;;7155275f-cd9b-4109-aa68-3fc9a2a02a5e;2026-05-11 17:24:52.032446+00
b13425cb-ac6e-4512-8309-9509eac74b31;premium_cta_v1;A;29711fcd-2819-4eba-ac64-26912b149a29;;2026-05-11 17:29:28.890554+00
62879e52-f8df-4241-8a60-22e902635800;premium_cta_v1;B;;ba1bb617-bdab-40ff-98be-a02393185f04;2026-05-11 17:36:36.259734+00
7cfd611f-7ec9-4883-8887-ec0bf10601a3;premium_cta_v1;B;6158e7a8-8af7-4b13-bc3e-773f11c2c6a9;;2026-05-11 17:41:33.737196+00
a8e322c4-a441-4502-9155-11c551faf44c;premium_cta_v1;B;;7e832a7a-d9bc-4aa7-9208-d788578558be;2026-05-11 17:58:51.578216+00
50960ec0-e18e-4f70-b8b6-19c50d8ce9ef;premium_cta_v1;A;;42df3199-765f-4c2a-8cad-38029879d99f;2026-05-11 18:00:32.136991+00
ec1911ff-1899-4bac-bd41-e2313d91700d;premium_cta_v1;A;;a2dd95cb-5eff-4908-a8c2-db70ba80b0e6;2026-05-11 18:03:28.726605+00
9e827303-822a-4062-a24e-6c3c4b4dd4b7;premium_cta_v1;A;;de33b83b-96ce-49c1-aa77-9e895aba9d4e;2026-05-11 18:07:36.312076+00
fd71cb2d-ecdb-4d89-8fbe-a3a53e9d2b06;premium_cta_v1;B;;56a7601a-09d5-44d2-90ac-110ecee9f58a;2026-05-11 18:13:12.329529+00
bbd526db-bc5d-46ab-ac19-8a4de05ce88c;premium_cta_v1;A;;59aa87e8-f803-438d-a308-0639b7a1abbc;2026-05-11 18:13:23.887022+00
f9bb160b-27f8-49f8-afbf-bd2dfbc48711;premium_cta_v1;A;;89361546-22db-4964-8157-424d045da667;2026-05-11 18:17:19.128785+00
831685fe-6ac0-4e46-8a9b-eaa9df47fe39;premium_cta_v1;A;;42c50435-7703-432c-9fdb-1fdbfcc24b88;2026-05-11 18:24:22.744185+00
483226a3-3094-4ad4-8f90-3f914cab819e;premium_cta_v1;A;;74a00553-5ecb-4402-a8f1-1725b883036c;2026-05-11 18:26:31.18736+00
5eacdcd3-8f1d-44cd-a052-114e346e34aa;premium_cta_v1;B;;b9daaa72-5271-4aa3-bf4b-0533429ce20a;2026-05-11 18:29:21.447499+00
99bfe47b-446e-44ab-a136-cbbe9564cd0e;premium_cta_v1;A;;7db9629f-f238-414f-b7af-5b1435d4b8cc;2026-05-11 18:34:01.226565+00
12b8a134-2d4b-4f13-a95f-3c9841ed096e;premium_cta_v1;A;;4ede02ea-5112-4f9a-8f48-9c7a20f49c80;2026-05-11 18:41:17.190174+00
85d98558-6b6c-40eb-babb-9bdae048b327;premium_cta_v1;B;;f716604b-bb44-4943-b55d-d36b446a100c;2026-05-11 18:52:11.757059+00
99a80e9c-3d48-4ef4-a3cc-56e8c0cb2099;premium_cta_v1;B;;4d9b07e6-eca9-4eb8-8e36-587b2f6578c9;2026-05-11 18:52:45.876642+00
ecccfddf-4a31-47f1-a24d-1cb6054baaf1;premium_cta_v1;B;;8fe3267b-362e-4116-a420-7bab4b2e8189;2026-05-11 18:54:57.269361+00
cbe7523e-fc88-4e64-b3a7-ea34b32716ea;premium_cta_v1;B;;c3a30724-dd81-4e89-80c6-dc1657a337c2;2026-05-11 18:57:04.403603+00
10875732-a662-4c77-9dd5-ba01f60e3904;premium_cta_v1;B;;4b72a4a1-30cc-49da-b9b1-209f157cb70f;2026-05-11 19:06:32.224172+00
ee23a85a-e950-497d-88ec-7ee8a59d34c5;premium_cta_v1;B;;c9d37fe3-f5a9-46dd-9b24-21a1c2b8ff45;2026-05-11 19:08:57.031796+00
f600c48e-e0ba-449a-94ce-ede385c81cc3;premium_cta_v1;A;;e03aa915-1ed4-4a37-bfcf-d167abc01de8;2026-05-11 19:26:02.71578+00
52606106-e532-4ac4-928a-900d890ef0a5;premium_cta_v1;A;;e90bdfcd-36a2-4f0f-81fc-f8e7fb5abc28;2026-05-11 19:32:21.347794+00
a312af2f-22bc-4fb2-b0f7-35f8bafdb26f;premium_cta_v1;A;a294f1d0-67f1-4fc5-a0ea-ef4ef1e964ae;;2026-05-11 19:34:40.08158+00
58278eb1-a5e0-4efd-ac4d-2896b7d4db62;premium_cta_v1;B;;9b5e9740-3210-4b87-88e7-ecca252aa9cc;2026-05-11 19:53:58.701296+00
890611a3-0eca-4c22-a5d7-919928d85751;premium_cta_v1;B;;fb9f9b53-9ba5-4bb6-8e34-2921e58354fd;2026-05-11 20:08:00.530012+00
4c58a7dd-0632-4c78-aed1-a4843facb2eb;premium_cta_v1;A;;a7848cb8-29b1-4df3-bbca-15060ba70068;2026-05-11 20:14:51.337418+00
2c548a70-59fe-41d2-b06a-6e7ca8d676f2;premium_cta_v1;A;;59225ba0-c0e7-401e-93fb-ec1382baa269;2026-05-11 20:14:54.989972+00
bf3861a6-ea2e-4e3b-a3ac-f8945e87c189;premium_cta_v1;A;92bf0a71-299d-4e21-ba45-859d4e5ffad4;;2026-05-11 20:16:42.9311+00
907ed6d9-b034-4abb-8c99-32ab9abe2d9f;premium_cta_v1;A;;af6a3c05-b37d-4565-b876-7b9e5af10077;2026-05-11 20:46:04.201368+00
d16e3eaf-a65f-4dcf-b77d-4d203fc16217;premium_cta_v1;A;;afdabc6d-6af9-4ab0-820e-9c928b102720;2026-05-11 21:48:07.782332+00
72b3ed41-ff9c-40c8-82e4-1ab79ecb2c8b;premium_cta_v1;B;5de9d88b-4d82-49c8-b7d4-f3e926bdf7c2;;2026-05-11 22:11:37.264883+00
524e5b8c-c2f8-4338-b98f-6ba7ab55a092;premium_cta_v1;A;;47ce556d-e071-4817-a908-4a7554baf421;2026-05-12 05:30:17.632604+00
dba7cd99-dd64-4bc6-a670-6387d1705f12;premium_cta_v1;A;;6246b984-a470-48f5-8541-4d7056499ba8;2026-05-12 06:50:09.538886+00
79e96856-5ad8-48d8-93d5-3453384c338e;premium_cta_v1;A;;df57d057-1f7a-486a-8bdc-c51084a6418c;2026-05-12 08:03:06.410699+00
32bb4e33-ca73-4e02-9e99-7ee41cb93d8a;premium_cta_v1;B;;a6761d2e-dcc5-49e1-87ef-c90832480c2b;2026-05-12 14:08:41.95812+00
448c8880-484e-4840-8ad2-2bf1fc5c5133;premium_cta_v1;B;;22ff182e-32bf-4044-a0b9-82055bf0da82;2026-05-12 15:08:56.960799+00
09b21199-cf5e-4c27-8273-4aa514a0ac0e;premium_cta_v1;A;;b590df4a-410a-46fb-a6fd-682bb2dda2f3;2026-05-12 15:12:34.254207+00
3963ff70-1a98-44b5-af87-4b6d2550058c;premium_cta_v1;B;;ce16885e-5ef7-482b-8e1c-55807f8964a3;2026-05-12 16:42:05.546936+00
45461cbf-b262-4f0f-a539-02d917edbeb8;premium_cta_v1;A;;b7023529-a955-409b-8817-c2d8f433faa7;2026-05-12 16:47:03.623879+00
c1849634-f5bc-4da9-b338-8d1ee4d44af2;premium_cta_v1;A;;6a6e76af-0fcd-4f4b-b6a4-070f8e47c48b;2026-05-12 16:47:03.634914+00
c90c9630-8e71-4e1f-841f-80d955912238;premium_cta_v1;A;;5b136aa2-0df0-45ca-855a-9668655e3783;2026-05-12 16:47:06.265353+00
d521bfe2-636f-4799-824c-1ff568a4b635;premium_cta_v1;B;;75613ada-7827-4245-8288-8bbf0638f89c;2026-05-12 16:47:07.52243+00
3a327851-9e69-4649-b12d-2cf46294412d;premium_cta_v1;A;;3646cec2-3046-40fe-9fd9-5465a3bbdd6c;2026-05-12 16:47:06.513039+00
f698548a-9845-470d-9fdc-32fc7f8778da;premium_cta_v1;A;;ceeac0cd-29e5-4310-9663-cd948dc60ef5;2026-05-12 16:47:07.550976+00
59489ed0-3fd9-43ea-852b-05cce8717493;premium_cta_v1;B;;09e1c75b-9949-41c0-8e0e-03ae046f31bf;2026-05-12 16:47:10.732724+00
5e3aa7da-007c-4e55-a8dc-c2494ace1ed4;premium_cta_v1;B;;f8518d37-55ca-44e6-8e9a-f35f3393c49b;2026-05-12 20:57:09.434067+00
be7d241d-2432-4c2c-a0b2-d2f93375c379;premium_cta_v1;A;;4f4a4a85-e948-40e5-ab0f-8245b853ad62;2026-05-13 15:28:34.62476+00
7c6dec81-b96c-47d2-a23f-4eb0964bee7d;premium_cta_v1;B;;2b322531-3531-4d04-b789-fc20b8dbd325;2026-05-13 16:16:20.257313+00
3af167ae-ce58-472a-a59b-3b7826bd8ef2;premium_cta_v1;B;;bf58793d-fbaa-4aae-915d-cbab6f592ab8;2026-05-13 16:18:25.412751+00
ae11c9dc-d874-4e76-b5cc-7e91a7d01bcc;premium_cta_v1;B;;9f9859cc-af61-4ee5-bd2c-f069692e3539;2026-05-13 16:23:15.600133+00
7774267c-31b5-43cd-928e-da88cc953aa3;premium_cta_v1;B;c5ba1e20-6f38-42b4-9f30-0742593b1b15;;2026-05-13 16:32:32.997516+00
f8803c02-9f1e-422f-9a9f-5fbfee1078d6;premium_cta_v1;B;3f712d89-3271-482d-95bb-eeaf8b7f982e;;2026-05-13 16:36:19.853589+00
1ad40a0c-8e44-4209-aa5b-6f9aee5c88f8;premium_cta_v1;A;;80acd5a4-7c83-4b53-976b-d18d395a7637;2026-05-13 17:05:44.081494+00
19ca507c-7023-4123-b5ab-d895ba5ad71b;premium_cta_v1;A;;6a9e467a-de6f-458b-90a5-7dfada49db83;2026-05-13 17:14:45.074235+00
f5ab9707-6484-4bfb-9bef-33a6e8836096;premium_cta_v1;B;;314bdc62-0b83-4a6f-9f7e-87f5a7836878;2026-05-13 17:19:26.355453+00
82c5de5c-e6d1-489f-9388-2cb8da9a2511;premium_cta_v1;B;;f8c055b1-d272-4972-a0c1-c5b042c14175;2026-05-13 17:37:10.831543+00
fe942176-ca05-421c-bd36-f2a8e0cac1bd;premium_cta_v1;A;;0b344a85-5a36-4ece-9153-5f0b4de83bc5;2026-05-13 17:53:11.216052+00
cd1acaf2-e4c9-455e-8477-ce18a1d53afe;premium_cta_v1;A;8e465f01-bd25-4b81-9f35-fb96a03a7694;;2026-05-13 17:55:22.412757+00
cdcf10c5-0fd3-4dee-935f-69272e7640a0;premium_cta_v1;A;;6ea4a026-0ccf-4e23-bef0-47dcb8901813;2026-05-13 22:07:11.673067+00
9a464263-c91b-4c24-8702-a82924eb5a7b;premium_cta_v1;B;eeb8310c-4cca-413c-b843-5413411df786;;2026-05-13 22:35:28.183328+00
61c1ff71-d9dd-4ac2-a256-8016bd3966c7;premium_cta_v1;A;;9ecc9caa-a0cb-4211-8dad-772db0627dad;2026-05-13 22:35:28.40457+00
66a981fd-ac35-4495-89a0-c998f6cf5f61;premium_cta_v1;A;;6e2abbca-af32-4ea4-a185-b4e342bb99c8;2026-05-14 13:55:49.609466+00
1a77205e-9cab-4107-bc06-7d347ed40867;premium_cta_v1;A;a5f57fd7-2e1f-49dd-ad2b-af365af88da9;;2026-05-14 14:13:18.165199+00
3e92f912-b19e-4e19-a5be-ce204275f3e5;premium_cta_v1;B;b392acf7-fc0b-471a-8b2d-520a998c85a7;;2026-05-14 14:13:27.723063+00
c572b16f-558b-490f-a5b7-b1e06b78f44c;premium_cta_v1;B;;baf367a9-c58f-46ad-bfdb-6f90a67e1673;2026-05-14 14:27:24.108855+00
33b5c442-fb86-477c-bbab-8fe1572ee4ee;premium_cta_v1;A;;6f5167bd-03b9-429a-91fe-c310f5dea68b;2026-05-14 14:32:05.479914+00
dc3a074b-9d49-4321-ab9b-2a7114db5bc7;premium_cta_v1;A;;a60db92c-a85d-4d36-8ffa-65e9abc2f434;2026-05-14 15:24:35.860837+00
c87aa22c-428d-41a2-9174-0650e00af23a;premium_cta_v1;B;;58a8aefe-8546-4f4e-aaf4-d72da7f2b9a4;2026-05-14 23:45:42.493059+00
0e8c86d3-65f4-42fd-b964-8c24d19db7a4;premium_cta_v1;A;;b23cc1c3-d286-431c-9b3d-93ad863c30b7;2026-05-15 17:40:16.967325+00
c6bc22e0-8325-4094-8813-97a4476597d7;premium_cta_v1;A;f829c79a-7cf3-416f-8a0e-45a76e312b97;;2026-05-15 19:55:01.016665+00
de041cb1-baf2-44d7-b00d-d874306ea110;premium_cta_v1;A;;2fhl3cyz3ke;2026-05-16 16:50:44.34934+00
9e730a80-1e3e-4d50-93b3-694d1bf5efa2;premium_cta_v1;A;;q9m6qqbnlem;2026-05-16 16:50:44.423256+00
774f23c9-50b4-4976-88bb-4123e310da38;premium_cta_v1;B;ee03bec4-808b-4875-bf2b-6c534645015a;;2026-05-17 09:10:29.289724+00
79334c56-a197-4627-aa0f-47174a5d9626;premium_cta_v1;A;;61296495-1577-4364-9093-c290f9bfc4a3;2026-05-18 14:45:35.037502+00
6481df79-4f5f-4495-bc26-8f0265dc403d;premium_cta_v1;B;;6e9551f6-3c2c-460a-b0bc-f73c6b74668d;2026-05-18 15:40:22.186124+00
746c2f73-0712-4f88-8c83-1cac8a9ae121;premium_cta_v1;A;;6ae1dc9e-4e7a-4c62-b88c-e2843c0f2730;2026-05-18 16:11:30.823518+00
8f8c2081-e3b0-4987-8de8-36a7c7cceddc;premium_cta_v1;B;;9923b192-be70-4901-b597-be47d239217b;2026-05-18 16:14:00.628602+00
87e1f6b8-6ef6-470b-a0da-e92dde820fab;premium_cta_v1;B;;b5c71199-b825-4065-bca3-7fd5ecfdaccf;2026-05-18 16:14:37.142865+00
cdf11f2a-cc0d-4476-837c-9e8657e09c70;premium_cta_v1;A;;75d527f3-0330-41bd-9730-f5073d7e57b3;2026-05-18 16:14:40.203788+00
9416610c-2428-4ba1-b822-c986d6fa43e9;premium_cta_v1;A;;f8a629fd-2d8a-4d71-bc64-f34f6c1e2c3a;2026-05-18 16:20:03.150582+00
6efe4e64-a041-4815-b5da-dc7fa1998bd9;premium_cta_v1;A;1ea05414-7023-47ae-8a6e-7f575323c952;;2026-05-18 16:26:23.89457+00
7f9d1d24-8b2f-4e4f-93bd-052619aa7660;premium_cta_v1;A;;247cc98a-6133-4902-a88b-22d0c60a8758;2026-05-19 09:46:09.989542+00
6c3cfa5d-9a89-44d6-9cfd-286be35876a7;premium_cta_v1;A;;49f7a729-c7ce-4bc9-91e1-a11b67eea76b;2026-05-19 18:19:33.647371+00
515d0c6d-a0a0-408d-b2c8-b15917516a40;premium_cta_v1;A;;a54f5124-0ecb-46e2-86cf-ca8f8a246915;2026-05-19 18:20:25.392481+00
201faeac-8450-4138-8723-9bbcca2f2c5c;premium_cta_v1;A;;32e74de2-5efc-4353-ba0a-295a892a7fb1;2026-05-19 18:23:04.02337+00
40d1d280-0c4d-4b83-8b0d-412f1908399d;premium_cta_v1;A;;22c48fb4-4891-4891-8a71-77c2473eebfb;2026-05-19 18:25:36.648572+00
f062cf48-baff-48da-89b9-b56f0a99fcd0;premium_cta_v1;A;;18d84aa2-a42b-401e-9664-93f454583020;2026-05-19 18:42:15.210846+00
13584c5b-e2a8-4046-aaec-279dea5eb1f2;premium_cta_v1;B;;8a8414b2-8b55-4e37-9930-2075fb6a080b;2026-05-19 18:50:13.928455+00
9965ddee-370a-4ce4-8f2a-431f398fd8a6;premium_cta_v1;B;;d459450b-020c-4203-96ef-349c4cced3e6;2026-05-19 18:56:49.079526+00
6317372f-207b-4e3f-a40d-c5deb3f17f43;premium_cta_v1;A;;8596a6e4-e359-4b7f-80ff-2e395adfc0ba;2026-05-19 20:02:07.783319+00
dd354123-09ec-41de-9ede-85503cce3d19;premium_cta_v1;A;;02f7bfd2-344f-4bff-a132-fce3b618be4b;2026-05-19 20:02:36.612655+00
41f6e22f-fb2a-463c-a4ae-c35876930cd0;premium_cta_v1;A;;f0334472-63af-4c39-8707-f76b519e8938;2026-05-20 07:31:21.700393+00
2ff94292-ef9b-4ecd-bff6-64a6405ec839;premium_cta_v1;A;;ae97d035-780c-4049-aa5d-06a597eaffbf;2026-05-20 07:32:46.167035+00
798c971f-3170-4559-8a26-b9a9ee069be3;premium_cta_v1;B;;1d6fbd12-2920-4ae5-8ace-ba44c7fd2e9f;2026-05-20 07:45:48.788398+00
6d988902-5fd6-49e6-82f2-1a924accfbe9;premium_cta_v1;A;;f3bfd4aa-7b43-425b-acb0-005ab5b63377;2026-05-20 19:09:23.851342+00
f05c1ce4-105b-4e2e-a3dd-5c5fefe0c023;premium_cta_v1;B;;42adb6eb-ae94-41f7-be19-a8b616ad3b33;2026-05-20 19:09:24.522453+00
988ad3e0-0e4e-4bd6-a4f8-9364cd33d031;premium_cta_v1;B;;31bfbb20-7d21-4af7-bc10-b6d2171f0386;2026-05-20 19:09:24.829996+00
c55d167b-bc72-4132-956e-c40ff75e5544;premium_cta_v1;B;;a9ea1a76-3ea9-44ea-b5ab-ab3ba73b5493;2026-05-20 19:09:24.952594+00
0f52b2e5-2445-47eb-b55c-c196ce98b357;premium_cta_v1;A;;850853ef-058f-421d-87be-4f759164263f;2026-05-20 19:09:24.998524+00
680b7c5e-09df-4a68-8f44-a06e086b7d47;premium_cta_v1;B;;36a3205a-22e2-4942-bcfe-922b6db10e7f;2026-05-20 19:09:25.46571+00
18683dc2-ce13-46b6-bbe5-8bbf678a66ae;premium_cta_v1;A;;2e8793ce-da22-4c77-a24c-cd1b31ef3ab4;2026-05-20 19:09:32.369322+00
f96c7bc6-40eb-4a27-a221-23140f79685e;premium_cta_v1;A;;169ad506-cdfa-439e-8813-793cc616becd;2026-05-20 19:09:32.412578+00
af5535ae-1f47-4432-9a45-2ad90ea10034;premium_cta_v1;A;;7194d4b4-284c-4656-ac94-deee742b73b2;2026-05-20 19:09:32.563338+00
5fdf2762-14de-4c48-96c9-6ab9aef5ab98;premium_cta_v1;B;;dcd54021-1ffd-4f70-bd27-5567ac7ee8a8;2026-05-20 19:09:33.178481+00
6405f103-79b4-4257-931a-e1b02c06fffb;premium_cta_v1;A;;c0f8b504-7ee5-4e12-a048-9ae5870e756d;2026-05-20 19:09:33.441172+00
f1e8dabb-c59d-4177-835f-fcd6d210f9fb;premium_cta_v1;A;;5d0eeae6-5166-4b76-a720-23235d30e727;2026-05-20 19:09:33.741569+00
745bca8f-39ae-4a9b-b191-2a406b00bb4d;premium_cta_v1;B;;5533dbbc-848e-4433-a56e-6e43031d4768;2026-05-20 19:09:33.842473+00
a826164d-c25e-4fa2-9d5f-4a618cc318a1;premium_cta_v1;A;;5ac0550a-799c-4ccd-a541-8f288cfb3abe;2026-05-20 19:09:33.903438+00
2a36d872-8899-4f8f-b851-6c119e666b7e;premium_cta_v1;B;;eaa44fcc-2328-4563-88ef-b4fd653a7d48;2026-05-20 19:09:33.912337+00
deb61602-c47e-4886-8732-3ca15e266b87;premium_cta_v1;B;;60931467-18e0-419e-88a7-ca19dfd7953d;2026-05-20 19:09:34.3525+00
f6844b33-97ef-4638-b3ba-f27debfebc92;premium_cta_v1;B;;b8edb7cb-fe6f-4ed0-a6c7-eb94e5244c0a;2026-05-20 19:09:34.439654+00
36995ba5-ad82-4654-9595-a191ad797309;premium_cta_v1;A;;f480a63b-24fa-473b-9701-9ab516d5e68c;2026-05-20 19:09:34.586654+00
a69912de-5415-4589-9fee-8e3210d0204f;premium_cta_v1;A;;bdcf6890-86ff-414d-ae4b-69201df9bc3d;2026-05-20 19:09:35.522181+00
b8c0376a-6dcb-4b34-955f-0d1a01b62412;premium_cta_v1;A;;a4e4ecec-fd13-479d-8189-801d02f9e4dd;2026-05-20 19:09:36.07862+00
d17e3544-eb35-4d65-bc06-72e57c8d2f7d;premium_cta_v1;B;;2a7bd9db-2503-4ffc-9293-25c18034127f;2026-05-20 19:09:43.954074+00
1d4d8829-537b-48a9-acf3-a71c55604064;premium_cta_v1;A;;5c8e2d3c-ef31-4d77-ade1-ae33c57eaaa5;2026-05-20 19:09:44.269185+00
5cb399c2-d611-4761-968c-4ae4126bc1b0;premium_cta_v1;B;;5db59ab7-773a-4ea9-b1f8-41db83c66545;2026-05-20 19:09:47.469006+00
18df4236-cfd7-4703-96ec-000cae41d6f0;premium_cta_v1;B;;9c510873-699e-4fd8-9c21-bfd327f44190;2026-05-20 19:11:09.721185+00
f8c2b443-ef75-4a12-95d0-771137c3d00d;premium_cta_v1;A;;6ad8699e-f474-4ec7-8fe5-bdd780a33d4b;2026-05-20 19:11:10.349534+00
32708d68-e5f9-40d1-82f9-749536d0b029;premium_cta_v1;A;;3e383af8-bff9-4a45-b262-edd70d771ae2;2026-05-20 19:11:10.365517+00
d16ae46b-c605-4468-acc9-88beb075c23b;premium_cta_v1;B;;a7d91aeb-d774-40f9-aa85-8e99d385131a;2026-05-20 19:11:10.37984+00
de43c356-9357-4046-83a7-7977f04b57c9;premium_cta_v1;B;;4fc83337-24cf-412d-9f88-57a4d9c2685e;2026-05-20 19:11:11.189146+00
a2f70cd4-cf6a-4b20-9a8d-1ef5ce9878a6;premium_cta_v1;B;;4d5cee95-c85a-4662-aa72-583a333429c8;2026-05-20 19:11:11.327381+00
e7aae60a-fe24-499d-bec9-abb6f2380299;premium_cta_v1;A;;0698ed8d-8361-45e5-aaba-5a030ed66192;2026-05-20 19:11:11.507294+00
9699006d-0d7e-45b4-b4c0-3f1e2fad1d01;premium_cta_v1;A;;755ec6a8-ed1b-4c2d-b890-681bdd92f832;2026-05-20 19:12:26.055892+00
2802eb86-093d-45c7-a4d8-d9e67560cf41;premium_cta_v1;B;;8975699d-0f71-4182-8aea-d9c8f2a6c7ad;2026-05-20 19:13:10.2228+00
87858f43-9eec-469e-b80d-5872c7061166;premium_cta_v1;A;;efd451c9-a43e-43d5-a198-d847c0a4f460;2026-05-20 19:14:35.58728+00
925e1834-dd90-4409-8e40-29d1c82db4fd;premium_cta_v1;A;;cb860508-eb4d-4937-92f4-c7d50b77969b;2026-05-20 19:14:35.622159+00
b755120d-dab6-4f1e-b2a4-b0b63367a5dc;premium_cta_v1;B;;67fd166c-9f47-4ea2-a239-ffe32d885bc6;2026-05-20 19:14:35.640229+00
07694139-f9f1-4857-adcf-2770547673d4;premium_cta_v1;A;;f6919fee-b4e7-4703-8360-65c3fbfdf9c8;2026-05-20 19:17:36.65716+00
86bcd425-ec1f-4a95-8fb0-dee3d41cae6b;premium_cta_v1;B;;c8e6d17b-8264-4a43-8061-307b5bc7e678;2026-05-20 19:17:37.38776+00
e5f50964-35fe-45e7-bb50-b9bb9cd94e40;premium_cta_v1;B;;9281f599-20ab-41ee-8eae-adab77483067;2026-05-20 19:17:38.806314+00
f14303c0-ad49-4aa0-9eaa-a0ccec5ccca9;premium_cta_v1;A;;12092aa2-3dc9-4120-8b87-b85f52be854f;2026-05-20 19:17:43.504535+00
fea14fcb-5ac4-472c-9fbc-daddf1acaf30;premium_cta_v1;B;;1ef6e472-3e7a-4f99-b687-e5d2d2df59fc;2026-05-20 19:18:57.488157+00
91ca5d8f-da21-43cc-85a7-7d6d7deb3422;premium_cta_v1;B;;1e782252-15ae-4ed4-9707-bcee540992e2;2026-05-20 19:18:57.816867+00
b78fcdf4-f254-43ad-9814-635ccfc48468;premium_cta_v1;A;;06a752c1-8f82-44c1-b604-886a2a76d2e8;2026-05-20 19:18:59.951519+00
821ce658-8fe4-4540-8fe3-9a85f1c77d5b;premium_cta_v1;A;;11bc42f2-647d-4568-b6b1-6550fc9702a8;2026-05-20 19:19:10.553847+00
00998135-fe99-4885-aab9-850b05b1acaf;premium_cta_v1;B;;8a22d67a-3afd-45eb-8ca8-68a0f9fce432;2026-05-20 19:19:39.776151+00
b1bcca82-d343-4624-b0a9-64e36ded8592;premium_cta_v1;A;;688f21bd-469b-46db-9865-92f945f657c3;2026-05-20 19:19:41.422124+00
054cb44e-5af0-46ac-9e42-35e6e7fec6c2;premium_cta_v1;A;;bb34c3b6-c0ba-4964-bd7d-a4532c619924;2026-05-20 19:19:41.832411+00
243778cb-04be-4265-8ffe-33b2431581f0;premium_cta_v1;B;;6e26065a-1629-4739-a165-adf12b74febe;2026-05-20 19:42:36.406513+00
97ba4548-bc68-45ad-815a-b9f93fe4ee5a;premium_cta_v1;B;a054a758-1720-4129-945e-a18825017661;;2026-05-20 20:03:36.447155+00
9addfb2c-4a0c-421c-8a12-3206a78c03c5;premium_cta_v1;A;;a4848a9f-33b0-401a-b506-8fecce8a8c77;2026-05-20 20:06:01.19073+00
bb18dc7d-830a-4144-8a62-54b638a03c90;premium_cta_v1;B;;875277ee-5cac-43ae-bc14-b2fe66c6a728;2026-05-20 20:06:01.215675+00
ae657b36-8567-4ef7-8fb6-0dbd1f964b48;premium_cta_v1;A;;d0c5e527-22dc-4b07-b4f6-b73c0137eebe;2026-05-20 20:06:01.263639+00
2dcdedc4-0851-4a73-861a-9e6aae47fbf2;premium_cta_v1;A;;c23fdd85-84ea-4f84-b74e-13500e1278ba;2026-05-20 20:06:05.528592+00
91b4069a-9b23-4ea6-87da-a5331d8e1cac;premium_cta_v1;B;;cee12879-2f82-4d48-bc5e-e884d1edfafb;2026-05-20 20:06:05.538493+00
83c47d30-b396-414a-827b-24f6f1ef82bb;premium_cta_v1;A;;bd2f22bc-f1b4-4a94-ae1b-0ff99cfeebd2;2026-05-20 20:06:05.701811+00
8d9cd03f-366d-4ab2-b055-64cde1f0e5d4;premium_cta_v1;B;;7358103f-6c00-4ebc-ae5a-fa603802ea23;2026-05-20 20:06:06.967663+00
a65483a3-f273-45e0-bd70-c3ceeecfd71d;premium_cta_v1;A;;5b9f9fc5-e0f0-45cd-aced-6417ba04d10e;2026-05-20 20:06:07.289803+00
a3f1a664-52e4-4b6f-8527-a99ca9ee3cad;premium_cta_v1;B;;278f51ab-25fe-4a7b-95f3-1315d78b942e;2026-05-20 20:06:20.68223+00
774ae80a-1052-48be-803b-b58d1f61839c;premium_cta_v1;B;;eb9dbea4-02d1-4130-a28b-d08d69db4b92;2026-05-20 20:06:24.24972+00
77400cbe-bb50-4778-a574-ea5522c42be7;premium_cta_v1;B;16b6d8ac-60f7-4ec9-9575-c99654f056f7;;2026-05-20 20:07:26.785194+00
2cc1f9f3-c5f8-48f5-bd6d-03c9ffb81064;premium_cta_v1;A;;1ca66986-7903-4f6e-9982-5e33c40e2844;2026-05-20 20:14:25.064506+00
89887724-23e7-4ffb-a2e8-a75e4b670aa2;premium_cta_v1;A;;1516f2e0-dfc5-4cc2-96c2-73f8c98f8f68;2026-05-20 20:14:25.082029+00
994e9fa2-a32a-422d-8e8e-27f6bf571033;premium_cta_v1;A;;31ec19a9-62aa-4aa1-b1ff-b6689f559b9e;2026-05-20 20:14:29.993104+00
f215e956-e35d-447a-86f0-716f64a88893;premium_cta_v1;A;;36d4e848-f357-4564-9ed0-f2ea8b7933c8;2026-05-20 20:24:10.890876+00
b3168d79-0185-499c-9d07-cfb6143599fe;premium_cta_v1;B;;33f1bf43-41ba-4a1b-ac8b-700f43e97bd1;2026-05-20 20:24:11.453318+00
25e6bcbf-2148-4a3c-8c9a-093e82bb301f;premium_cta_v1;B;;b78aa894-4a2c-4cfa-a333-d754bd3eec92;2026-05-20 20:26:44.396373+00
ad3d01ee-0a2b-4a77-a655-cc69d3db5447;premium_cta_v1;B;;c11b4182-b491-435a-bd97-8b0fd03b8064;2026-05-20 20:26:44.423103+00
424d6197-50cf-45fa-9ff1-337f48edbc31;premium_cta_v1;A;;0236e5f9-a787-4105-956e-d0d2059b3e37;2026-05-20 20:26:44.710526+00
b921c90c-8e99-4cfa-868a-5eef45944074;premium_cta_v1;B;;e90725a0-0942-486e-aeb6-993d60092c93;2026-05-20 20:26:44.787539+00
97b4d146-31cf-41ed-9d19-10d9347a68a4;premium_cta_v1;B;;c84aa1a7-b1d8-40d5-ad86-9fb5b28245ce;2026-05-20 20:26:44.827884+00
d6d968b8-218d-467c-b3cb-a395ffb7d7c5;premium_cta_v1;B;;4645d416-d6df-4f84-96c4-77c2fa5f8290;2026-05-20 20:26:44.861008+00
aabb17d6-ca3a-42d0-80e0-f1b07dfa7144;premium_cta_v1;A;;e4085675-36fe-4911-aa03-5aff8f34bff1;2026-05-20 20:26:44.929613+00
4ee2fc64-bfd6-4e30-841d-0cc9c39d2035;premium_cta_v1;A;;0993d95d-c960-4179-9755-bef4b44e9e27;2026-05-20 20:26:45.46856+00
5cace55f-ffac-4596-ac63-acf63325c88b;premium_cta_v1;A;;0649a0a7-d445-487f-b7e3-d4403ce0c561;2026-05-20 20:26:57.465903+00
06a4515f-abc8-435f-9ac1-e291f34f1cd6;premium_cta_v1;B;;2da681ab-5ae5-483a-8484-5182c96ff7bc;2026-05-20 20:27:10.051279+00
dfe281cf-6049-419d-b3b1-a256652dbc78;premium_cta_v1;A;;1c220787-5fe6-4c8c-ae09-1c48e0462dd6;2026-05-20 20:27:25.142494+00
03c47c3b-699b-4b90-b639-1e27535b7b22;premium_cta_v1;A;;dc100a13-76ca-45e0-a2e8-421b0923b773;2026-05-20 20:27:39.724092+00
426a9b86-a7da-4765-ba99-ec36a0a825a9;premium_cta_v1;B;;b9045309-7223-4324-a804-e8a827f321d6;2026-05-20 20:27:40.629988+00
9625355d-00e3-4417-bf10-b4aad009cb28;premium_cta_v1;B;;2f131389-5e80-440f-9db5-055fe5f0edb5;2026-05-20 20:27:41.550624+00
fba26001-0719-456f-8cf0-5e14b4568f8a;premium_cta_v1;A;;eada0445-17b7-4a80-bca8-eefbbea15543;2026-05-20 20:27:52.027307+00
879c2f12-26e4-4f73-82e1-74de6278b759;premium_cta_v1;B;;ccc1c744-895c-447f-be35-343fa01ec39e;2026-05-20 20:27:53.406168+00
1e2f6cfa-1416-4f4b-882a-54cfc696e441;premium_cta_v1;A;;0d0cdcef-7934-4665-bcff-f0a703428a54;2026-05-20 20:27:54.625746+00
e53e8d8e-4492-4940-b7b3-c5fda5854fd6;premium_cta_v1;B;;3d9abb7e-7323-4173-89e1-4db1ec6ecaed;2026-05-20 20:27:56.743182+00
f8435b48-38f0-42c5-b051-ca0775d38a87;premium_cta_v1;B;;5a3859e6-a28c-4aab-9811-922cb1614430;2026-05-20 20:27:56.805727+00
aa195268-a34d-46f1-8dff-a15836af7194;premium_cta_v1;A;;936430f6-301d-498b-ba6d-0dc6524d14b4;2026-05-20 20:28:00.143544+00
ad7d765d-83f0-4217-a66b-3db9e8c27525;premium_cta_v1;A;;420a916e-1ee1-4e08-b0cc-01bd1505759d;2026-05-20 20:28:06.48156+00
8bb19b06-0dc8-478e-a370-f10cdad391b8;premium_cta_v1;B;;c9f038b8-279d-49fa-8480-b88638de41b3;2026-05-20 20:28:06.596457+00
f64b1da8-005d-47d9-9293-04cb94cd8252;premium_cta_v1;B;;2c5d60e2-ee39-4451-901f-b900d82b13b3;2026-05-20 20:28:07.165281+00
1e81a05d-9c63-483b-a844-a476505a0515;premium_cta_v1;B;;e73d0d1f-fd05-4084-831e-096a6e8136a0;2026-05-20 20:28:22.271624+00
da2842b4-f501-48be-baf8-c218788f8cc6;premium_cta_v1;A;;a9fa28bc-a9cb-40d5-812b-eba1a496401a;2026-05-20 20:28:25.180358+00
4c786759-d999-4d35-a0aa-0753aa16fa9b;premium_cta_v1;B;;927f93c9-b2c5-499c-bbce-ad49bdf881f3;2026-05-20 20:28:32.502616+00
fe940c4f-d380-470c-887c-fc89b9470ed3;premium_cta_v1;B;;4c84d07d-c924-43a2-b0a4-3e11df77a8fb;2026-05-20 20:28:33.655678+00
9d5dd35f-c9bb-42aa-a542-63f51583e641;premium_cta_v1;A;;fa11a373-e63c-4df2-a58a-9a7c3c4e3cd8;2026-05-20 20:28:34.177265+00
3c73c05e-9b82-47f8-a6cb-83620ca35089;premium_cta_v1;B;;90e2fb39-9059-4446-8fe3-1b5436f05f7b;2026-05-20 20:28:34.270432+00
74e8682e-24cc-4904-a75b-053d9f3db34c;premium_cta_v1;A;;253bd819-0128-4095-a255-86c2719133c1;2026-05-20 20:28:47.194928+00
dcdf5c19-dd53-42ec-a0f3-da0d4e1f50c2;premium_cta_v1;A;;aeec8b76-4f00-491e-9a24-10057c89d543;2026-05-20 20:28:52.646815+00
2a2fd7b1-6ebb-422e-ac17-77ced5637ff8;premium_cta_v1;A;;4a48fdce-6a59-4941-b731-1dd67ff0bb7e;2026-05-20 20:28:53.292652+00
4bee3611-580a-4fe0-bd18-db57c9f192ac;premium_cta_v1;A;;2cb73f98-3b3f-4b50-a9c2-505e13573c78;2026-05-20 20:28:54.016111+00
bb9727b8-69ce-488b-8785-1427342e0231;premium_cta_v1;B;;58c72371-25d3-495c-93f7-c5ffe4980846;2026-05-20 20:36:46.115131+00
f971b266-ecca-4335-8d4a-9ee79245aa07;premium_cta_v1;A;;demo-user-A-0001;2026-05-20 20:41:11.052792+00
7a412208-0b17-4bcd-af5b-49b32a9e0442;premium_cta_v1;B;;demo-user-B-0002;2026-05-20 20:41:11.052792+00
9141f02b-b4ae-4c73-8cac-1ed0cb96d258;premium_cta_v1;B;;4b309f30-43d1-410c-9210-af63fd9b7dd3;2026-05-20 20:41:55.555475+00
5521ed31-9639-4dfd-ad1a-94112540f5b2;premium_cta_v1;B;;4f875cec-0844-455c-8ddd-06cdd9068372;2026-05-20 20:41:55.610174+00
f37d80c0-c472-4a26-a7f2-e7d4bbec8d91;premium_cta_v1;A;;3840d59a-aefa-49b6-9c70-c9e3f147a4d0;2026-05-20 20:41:55.689849+00
65a492c4-3e23-4de0-944b-6357eb014cf7;premium_cta_v1;B;;33047bbc-57eb-494d-8530-43c06760740f;2026-05-20 20:41:55.924659+00
bdfe6434-0f18-4ae9-a4c6-19ef08ae3145;premium_cta_v1;B;;5bba0236-4cfc-49f8-821a-896f48a73a57;2026-05-20 20:41:58.623365+00
459de754-5a52-4656-91aa-9d1684e144c4;premium_cta_v1;A;;7a810864-03c4-4183-b0d4-1abd25466d03;2026-05-20 20:41:58.934475+00
cc8b88b5-df53-4585-98bc-46f2b864054e;premium_cta_v1;A;;8d84a805-5502-48cf-aaa3-c4cd73403624;2026-05-20 20:41:59.181857+00
28e476bb-a10a-47c4-9f33-555d2ca49b94;premium_cta_v1;A;;4446b08e-cf39-470e-a759-a8f33c88bd37;2026-05-20 20:41:59.835884+00
69fa5350-758b-4004-8064-83f8a35a9262;premium_cta_v1;B;;503b8d72-5f93-4f68-af64-4a65ec131f7f;2026-05-20 20:42:03.045897+00
c44a1fcb-7dca-4d16-96d3-c677d04b0185;premium_cta_v1;A;;99f17264-475e-46a4-9224-a80ef2b8eead;2026-05-20 20:41:58.875903+00
64dc8130-d085-4f9b-b2d9-cde803e9a35f;premium_cta_v1;A;;b335c34d-88d7-4992-9e69-01a3c822689d;2026-05-20 20:41:59.004174+00
7f7d8874-2cb2-4971-871d-b723f59bba6f;premium_cta_v1;B;;a1ba8c14-d85d-43ed-8e81-7179850c5555;2026-05-20 20:41:59.203634+00
97aa4dcf-0ff4-4902-8ed1-41c348de1cd0;premium_cta_v1;B;;2b416b85-ca0a-4815-b8d0-a205aaec9006;2026-05-20 20:41:59.870334+00
7d68b9a4-2f9a-4753-94da-63827839fbea;premium_cta_v1;A;;538d6c4c-3e17-4b35-9d42-cbaf2f3ae629;2026-05-20 20:42:02.103981+00
3b085507-1e0c-4941-89da-d2023cf2d58d;premium_cta_v1;B;;71e7e265-7ea5-471d-900f-9bf72223745b;2026-05-20 20:42:02.19922+00
35b43e7b-a501-4f98-9875-814b97f41ab1;premium_cta_v1;A;;9143c2f4-7f3d-4b0c-b66b-d053e096f2b3;2026-05-20 20:42:04.100057+00
2f93a157-7460-43e7-8117-ecf29870a902;premium_cta_v1;B;;e1860b53-a5d9-4738-b2e2-d6cc266f4149;2026-05-20 20:42:09.914444+00
30bba539-61b9-455a-992f-54951d40cc5e;premium_cta_v1;A;;b346a8ba-573e-499b-9220-36b10dcce012;2026-05-20 20:47:50.518988+00
53ef1c9b-a10f-44c9-9c4d-65ecc86e3703;premium_cta_v1;B;;d46083b9-b0a2-4e6f-83e9-e20a675e86e0;2026-05-20 20:47:52.248965+00
db2a1dc3-57ce-4e5a-8172-117b52317e86;premium_cta_v1;B;;80308063-8773-46e0-b1ff-2b01b6b7a8de;2026-05-20 20:47:55.289838+00
e32286d5-fcc2-4bd1-9f95-1031e6a15fde;premium_cta_v1;B;;5b7898bf-7aa9-4c6b-93ce-8d50e215588d;2026-05-20 20:50:07.838683+00
431fa637-ef20-49f4-b84c-bc7a9f839fee;premium_cta_v1;A;;6fb190f8-7417-46c3-ac59-be503e991946;2026-05-20 20:56:13.072423+00
d0e654cf-6eb0-4ea0-ac88-f8c39014e78b;premium_cta_v1;B;;16651cf5-4b13-4a63-ab16-dc2c382986aa;2026-05-20 21:12:44.974618+00
5947a57c-53b7-4adc-a2ad-603fd23dde42;premium_cta_v1;B;;e5dd9d73-e124-4f69-95cc-da83108e39b6;2026-05-20 21:12:45.049092+00
d8575d63-6e69-4891-a7c2-ad088ad69129;premium_cta_v1;B;;22ca1dd6-bf90-4555-9a79-455d9b76cb1c;2026-05-20 21:13:12.440537+00
220612bd-111c-4ff8-a3e7-572c7f6c5905;premium_cta_v1;A;;1eb81b1d-b674-43cc-b185-f160193cf870;2026-05-20 21:13:35.145518+00
667d43eb-72fd-4fad-9c5b-a5ac138e4181;premium_cta_v1;B;;35af3a25-9e03-472b-8341-3f5cbe1b93cf;2026-05-20 21:13:35.169774+00
8190c803-fa73-434f-91dd-16c1c8ea8459;premium_cta_v1;A;;2e56d232-cd66-4ce4-b7bf-47e651d5bf14;2026-05-20 21:13:35.44077+00
2024296c-5c2f-4745-88fb-a56137e77244;premium_cta_v1;B;;39b940f3-115b-4166-b186-957099552048;2026-05-20 21:13:35.756689+00
f83f6dfb-545e-412c-a8ac-f814edd96e5d;premium_cta_v1;B;;522d783c-74b5-452e-8090-f362253bd5dc;2026-05-20 21:14:00.028444+00
d6fceedd-25e0-43e1-af7b-8dbf277b215a;premium_cta_v1;A;;97b46247-32f3-4da9-b357-204e7f3cbe61;2026-05-20 21:14:00.213346+00
597a9b3d-d91f-4f6d-a1c3-5d6b15420d73;premium_cta_v1;B;;6e5fd207-999f-4d5d-a5ad-926c3c8c140a;2026-05-20 21:14:00.709343+00
dc4dd03a-1659-46ff-a258-cac91fb47cae;premium_cta_v1;A;;1a293cb8-2ce1-4146-98ad-0252d9c4dfd5;2026-05-20 21:14:01.638981+00
a3f49087-99a7-4b71-afee-16391658e695;premium_cta_v1;B;;4b0a5d29-8e52-4370-b97a-82751bf97a9e;2026-05-20 21:14:01.662763+00
e4cd1bd7-52ed-4a09-acf5-47f45ccfe8f6;premium_cta_v1;B;;7699b11e-4d3d-478a-b707-53858904723e;2026-05-20 21:14:02.410404+00
fbcc4e01-7e6e-46f2-bb28-0f8a51d6c334;premium_cta_v1;A;;2df7c31b-b9d9-422f-b77d-7990375b0f11;2026-05-20 21:14:02.616666+00
d2ea9c90-ea28-4e6c-9e3d-7c285dadfb44;premium_cta_v1;B;;df601244-12b5-4532-84e4-ba8745b8c2be;2026-05-20 21:14:02.652905+00
7ba635e0-c301-41dc-9d54-4a3f2ceb7250;premium_cta_v1;A;;bc11bdfc-5fbd-436a-a9c9-69afb2627b6c;2026-05-20 21:14:03.473799+00
51231814-da27-43e2-9695-d7ac56e768b4;premium_cta_v1;B;;879557d7-e8c1-40be-ba53-b55c50d547e4;2026-05-20 21:14:16.830985+00
872ce154-fd00-4c03-89eb-b311391d4e9b;premium_cta_v1;A;;b7f0f063-403a-4b50-92c7-1a8a04ea36dd;2026-05-20 21:14:17.769887+00
6f9b8901-e328-47c6-8fa6-72d9fc40d693;premium_cta_v1;A;;0bb31aaa-98d3-4e59-a080-5bdbf247a9de;2026-05-20 21:14:30.106234+00
1f3fdf34-b3b0-4612-9bc3-f0b3e547bd17;premium_cta_v1;B;;1d2f81d4-d233-4c77-a3aa-9e951e6db6fb;2026-05-20 21:14:39.136459+00
ee981c85-e3cb-41bd-a1e6-5dfdb4ce7213;premium_cta_v1;A;;ba8e0673-1d58-4838-ab7f-dda7e7fae2be;2026-05-20 21:14:40.532996+00
eb75b22b-4fe1-4d40-9b5d-4a4fef11f635;premium_cta_v1;A;;6135180a-6059-47e0-888e-c81d607e42aa;2026-05-20 21:14:48.670065+00
deecfd17-f089-4aba-a2a3-d81441ee425f;premium_cta_v1;B;;c349a724-b085-4bd2-b93f-708e2f2dd4fe;2026-05-20 21:18:20.061291+00
8279a9cb-bf99-42f1-bb0d-2ca7492619bb;premium_cta_v1;A;;c17289c5-32be-4b42-81e3-d5a8aa2b3723;2026-05-20 21:19:11.872751+00
13be669b-3cfa-45bf-98ec-71538be60764;premium_cta_v1;A;;52062e05-a539-47d5-93d2-cb574cac679b;2026-05-20 21:21:23.050985+00
cc566648-95d3-4751-8f91-a886a21dfe79;premium_cta_v1;B;;4b2aeecf-9ff5-49c0-a236-4d886e1ee65b;2026-05-20 21:24:22.680372+00
fa8168bd-a8b5-46a0-97c7-52bddfc75320;premium_cta_v1;A;;96164f96-c688-4f4b-b969-9371936e38e4;2026-05-20 21:43:25.522599+00
bab9b034-a2d5-4df3-bd72-d6ed84bb1bba;premium_cta_v1;A;;70d0197a-1ac6-46db-89bc-c282993ca173;2026-05-20 21:43:27.350302+00
f0fd2999-8c0a-49e3-ab49-e3d2a654646a;premium_cta_v1;A;;3c76f381-395e-46ef-8058-c7e7e5e8ef07;2026-05-20 21:43:28.882788+00
24c3c1b2-af7f-462c-9496-964581e182bb;premium_cta_v1;A;;a9f4ddc9-24e5-49d8-9d02-14dcf2713f2c;2026-05-20 21:43:35.160324+00
902f72e7-0bc5-47e2-97c0-3ca1f238b51d;premium_cta_v1;B;;e293ff1d-5356-4c0f-ab78-8487e9b1bc3c;2026-05-20 22:08:28.990208+00
5307c4a1-e022-4f7f-871e-4ca39362290b;premium_cta_v1;A;;f21df2c6-0512-4c8b-a968-96a0078e197f;2026-05-20 23:01:58.255585+00
aac16e19-5e6f-41fa-b010-aec1e1f10d80;premium_cta_v1;A;;79bb5014-af40-4de1-ab71-abc0de2db6eb;2026-05-20 23:23:24.284052+00
431781e2-350a-4d6c-a8ba-c04cc09b14c9;premium_cta_v1;A;;09369809-3afe-4bd3-a65c-3cfb7f14ae9e;2026-05-20 23:54:20.516853+00
e474150d-28c8-4962-a4e6-81c88c8dd2d0;premium_cta_v1;A;;5fe55e1f-84be-455d-bcd7-816ad02a3f19;2026-05-21 00:00:28.682552+00
2dd02df6-d32e-421f-8d53-2c5ce9b197e0;premium_cta_v1;A;;0eb6228b-f5c2-4f1c-bb5c-9d3ab5ba9d82;2026-05-21 00:22:44.918711+00
7837aa81-005a-4e1f-8bd3-4bb5c1820dcb;premium_cta_v1;A;;c894e3de-9ec0-4b65-a96c-5e871fddf14b;2026-05-21 00:37:38.613105+00
a3ea22d5-344b-4e53-854a-ca23924ebab9;premium_cta_v1;A;;64f3549e-0486-494d-9336-e56bc486a60b;2026-05-21 01:00:33.045988+00
a0f8de68-93c7-4063-9717-8ff3cedae285;premium_cta_v1;B;;9a9fe505-5e0b-4f05-b961-0f20f4376b31;2026-05-21 01:49:33.01269+00
a9d57277-ba4b-4302-b4b8-5ad87867e584;premium_cta_v1;B;;7f5132bd-3e35-4fcd-bcdf-4ee345ec5cf6;2026-05-21 01:52:12.40412+00
55124296-8b3c-4539-bc3b-fa8d984efb87;premium_cta_v1;A;;d7c8ad2c-14b7-4732-9029-d4c27693ecd2;2026-05-21 02:15:48.409719+00
bd70c592-e3d5-4624-8b9f-f876eb79b3d1;premium_cta_v1;A;;706e8367-ab13-49b5-8241-00c48e53b51c;2026-05-21 02:17:22.980802+00
803eb701-2b05-4df6-869c-d8f826afdd8a;premium_cta_v1;A;;3c82f4aa-273b-4333-a22a-392ba0b56e86;2026-05-21 03:17:34.53586+00
0be70cfd-2bf4-41b7-b173-ed0e001c876d;premium_cta_v1;A;;0a30aa3a-fca4-4b56-93cc-bbfb8d341ff9;2026-05-21 03:17:40.417342+00
5f6f5d5b-e54e-4765-aca7-dbef0d1c4edd;premium_cta_v1;B;;6b1817ac-8795-4e1a-9c59-739f5fb9cca0;2026-05-21 04:59:37.48101+00
2359bb6e-c4ce-4016-bf5c-1718c1b3f2ec;premium_cta_v1;B;;727c5550-d01d-4bd6-88d7-25f1329d90be;2026-05-21 07:34:23.760993+00
c0d110af-6648-4e66-a5c8-7be9e8367b92;premium_cta_v1;B;;4f23cb5d-bb56-42b8-90b4-eb871354c7b7;2026-05-21 07:34:57.151785+00
a878052f-1e87-4219-970d-c434fc4d8a95;premium_cta_v1;B;;b91f6cd3-8b72-43a2-993d-88cb220b7318;2026-05-21 07:39:37.310314+00
46a5890f-0a4e-4008-973d-06f346187006;premium_cta_v1;A;;42444077-6042-4eb9-970e-ede0991a910f;2026-05-21 07:44:52.513496+00
8588b233-2944-43bb-a47d-57f41db9e177;premium_cta_v1;B;;16eb6533-5c82-49c8-ac7f-2a31faf84e5d;2026-05-21 07:44:52.500235+00
52915e32-b74d-406f-8db4-f1aa85f6a490;premium_cta_v1;A;;298db720-2332-48ca-8dfc-ed26863a6f33;2026-05-21 07:44:52.551348+00
fb9fc4b2-42bf-45a8-9d80-9c31d1a97122;premium_cta_v1;A;;354e45a0-9967-41b3-90bb-9a846fac224e;2026-05-21 07:58:24.789179+00
788f6342-8363-4ee9-8799-e7b170d36745;premium_cta_v1;A;;1c62b5c3-4c44-477b-89cc-3af97ac4e94e;2026-05-21 08:04:31.198598+00
5e1cac09-2838-4a2e-9afc-5039dc6f5f40;premium_cta_v1;A;;026ba269-8378-4030-9530-edace3e0f456;2026-05-21 08:11:39.056076+00
a1c21609-5b33-47da-9fb2-c918b2ce75ca;premium_cta_v1;A;;700cb889-4510-4926-8d38-ff328ddc2fa2;2026-05-21 08:11:56.207287+00
587b9704-1190-4a74-97c7-ee0623b558ba;premium_cta_v1;B;;dc4a7dfc-ea27-4238-9b63-bd02aad2bc3b;2026-05-21 08:44:38.270806+00
179873f2-4117-462d-8752-7b769ca23f47;premium_cta_v1;A;;484f8bb5-9a47-43a6-b962-5225ed3cfc1d;2026-05-21 10:29:26.318642+00
364604eb-bb37-4ade-b035-b54374c19a17;premium_cta_v1;A;;e29a1c00-73fc-44ab-b596-38629f436182;2026-05-21 10:29:27.605486+00
e72efd3b-3f55-45db-8d6a-f1d7fc20b049;premium_cta_v1;A;;1e30cd5a-0601-4946-9a10-a2ca5b3cf7f5;2026-05-21 10:29:28.550828+00
41648a59-5a65-4d06-8b3b-3331d6488df3;premium_cta_v1;B;;c6e91b92-6daa-417f-b908-3e625b7bb1d1;2026-05-21 10:29:28.737106+00
ba2027fc-050c-43e2-9f5f-8b71887a1640;premium_cta_v1;B;;7d2d3302-b498-421f-a2ca-c0e4dd0472a8;2026-05-21 10:29:29.133409+00
e0cea682-f994-4ec2-83cf-d66c852c7c2c;premium_cta_v1;B;;b4acbbb4-d27d-49ad-b9a9-a1f7feec8c3e;2026-05-21 10:29:29.213658+00
592a2432-2efb-4d4a-8eef-62bd71534b68;premium_cta_v1;A;;f61bb964-6125-4dfb-8889-6b122bb731f9;2026-05-21 10:29:29.321416+00
27a217a0-5cba-4638-8a28-1b489b422fa8;premium_cta_v1;A;;18e977ef-0394-4626-97c2-dac108f16149;2026-05-21 10:29:30.646187+00
07100d3e-5688-44f7-ab59-92bd68902fb2;premium_cta_v1;B;;5331fdb7-3418-4767-959c-3d3dd21d4e47;2026-05-21 10:29:30.736863+00
662582a8-728b-421b-8b1d-f6acbb40b460;premium_cta_v1;A;;7cd23a19-5696-44ae-9da0-5570954edca3;2026-05-21 10:29:33.79645+00
b0945150-e63f-4702-bd91-26f57259ad9d;premium_cta_v1;B;;2266a3ee-8cb2-4f8f-b8d3-3b972627f130;2026-05-21 10:29:30.889412+00
2b785a49-9557-45af-8e33-1906e7813e15;premium_cta_v1;A;;4a993c8e-0955-43d3-8218-69e0fade25df;2026-05-21 10:29:32.807893+00
c3314a5d-b19d-4175-9763-fd99028924fa;premium_cta_v1;B;;234b31fb-2ab0-4767-907c-527bc40b52bf;2026-05-21 10:29:30.978364+00
5d062329-4eb9-418a-9bc3-cf67c6fdee06;premium_cta_v1;A;;aad8d14f-6dea-4a42-bd16-10b86782fd74;2026-05-21 12:00:15.10362+00
1608152c-be18-4d2f-8060-a8a73b2a14cf;premium_cta_v1;B;;ad62e793-031f-4b72-bc26-cec113904272;2026-05-21 12:00:16.059919+00
6b7ddb64-8d7e-4072-a2ac-d7b7b4bdf8c4;premium_cta_v1;B;;30ed30d1-ac0e-4412-bfa8-9f083273857b;2026-05-21 12:00:18.250661+00
2bf5c7df-8b18-4063-b579-a781352809fd;premium_cta_v1;A;;fbf7c575-24b2-4d93-80c4-269b06ab6aae;2026-05-21 12:16:07.652838+00
d1fda60a-59ab-4001-9229-b8ba2df15f5f;premium_cta_v1;A;;fbad3efa-7481-4a21-8132-39b34f7ecbe7;2026-05-21 12:27:50.678536+00
fe75b49c-cce2-47d7-bcff-219c28d0595f;premium_cta_v1;B;;05f916ff-9358-42ee-a6f7-f970b36a824e;2026-05-21 15:17:38.333108+00
4bb434ae-4748-4750-b56b-0e2aca7686eb;premium_cta_v1;A;;13bccc63-2c16-42a9-92fe-f69bb5da8554;2026-05-21 17:12:49.825036+00
98901ce4-a525-44f0-a51f-770662a15390;premium_cta_v1;B;;d7149c6e-8fda-44c0-9e74-c28c292efb4d;2026-05-21 17:12:49.935813+00
2b1797d3-1aaa-4ce1-a78b-41fc6236e8f8;premium_cta_v1;A;;c2a1809b-d42b-4b8a-bda0-9563000a5645;2026-05-21 18:07:41.906031+00
9f2c8805-9610-4a06-a8af-af097b3ade3f;premium_cta_v1;A;;67efded6-96cf-4dde-a136-3d47a7776e6d;2026-05-21 18:07:55.286053+00
9b84c15c-e9c0-458f-8fbc-153200bbc571;premium_cta_v1;A;;1ae0a353-62fe-44ca-9d18-806924315aae;2026-05-21 19:33:05.244985+00
ddd9b4e5-a864-436d-8f43-17b84f62e5ca;premium_cta_v1;B;;01ac76c6-5616-4953-8a5d-1d0de0ef975a;2026-05-21 19:33:05.412148+00
1c587527-8864-404e-acc6-7b0136203458;premium_cta_v1;B;;57b3c082-05c0-4110-a1cc-f6fc82d5c271;2026-05-21 19:33:05.55519+00
97100d12-8b81-4a8b-af3a-505b8063e778;premium_cta_v1;B;;2d80379c-73b2-4930-a648-c0821b1e0377;2026-05-21 19:33:05.724383+00
7e43e2b5-228e-4946-85e0-3dc1e46a2126;premium_cta_v1;A;;bbafa3d0-0f53-444b-b5cf-f506030303d5;2026-05-21 19:33:05.892419+00
484693f3-18d5-45aa-a69e-5b657841e5ca;premium_cta_v1;B;;9b17d294-19b3-4be6-8615-135e2e5e0816;2026-05-21 19:33:05.98163+00
030e064d-7df7-4e46-b443-07ca8559e14d;premium_cta_v1;A;;eb6e5263-5898-41de-a56b-107296dfc118;2026-05-21 19:33:06.089456+00
a3d71138-b8ec-41e7-a0e2-f00b5e6d8702;premium_cta_v1;B;;902ecc0d-7dce-47d3-9f26-e6a447f8b682;2026-05-21 19:33:06.352001+00
7af53e91-7e87-44e0-99b9-9e557878b821;premium_cta_v1;A;;af0f89d5-a1b1-4815-91a5-709c26643792;2026-05-21 19:33:06.834888+00
dcb022ea-f06b-48f4-aeb2-645465789aff;premium_cta_v1;B;;b43cd927-b8c2-4b06-a918-d4231c535842;2026-05-21 19:33:07.349679+00
7b338581-d478-46f8-b82b-e3afcfc13788;premium_cta_v1;B;;524d186c-fd2c-4124-80f7-753f74c8dec3;2026-05-21 19:33:07.884414+00
e2b41f45-dc68-49b3-95f4-29abaaf57582;premium_cta_v1;A;;0e126ef0-d89e-4203-b602-18c1814ad2a6;2026-05-21 19:33:11.560688+00
8bf84d66-bed5-4d1b-9573-54cd00d94216;premium_cta_v1;A;;c6fd1a9b-6b39-4ea9-ab4c-d47754a84a64;2026-05-21 19:33:12.789513+00
dc7ebe16-835c-4641-865f-1dbe82d944e9;premium_cta_v1;B;;4d22a73f-d520-42d1-9723-c58186cbb7f0;2026-05-21 19:33:14.860552+00
cf81ed83-b036-42aa-a7c5-7f282fc0ed43;premium_cta_v1;A;;1a110188-9be4-4994-b193-fefef843aae8;2026-05-21 19:33:16.34201+00
5056b45e-719a-4450-9f2a-c3d575099f19;premium_cta_v1;B;;262b4616-3dce-4023-8f91-d4b709133d90;2026-05-21 19:33:17.252352+00
f224d755-a286-403c-8d1c-e7e73e42b3dd;premium_cta_v1;B;;83165c3f-cdcf-4db0-ac52-8450d8ac2c7d;2026-05-21 19:35:44.231852+00
3d9da867-0d4f-491e-acaa-872ced7fcd05;premium_cta_v1;A;;c22e3ac6-7b2f-4cdf-9151-368e7ba44002;2026-05-21 19:35:44.260942+00
e56c6013-d0f6-4138-82a3-c1708d4580db;premium_cta_v1;A;;9addf3cc-a3d3-472c-a646-a4293ac7366b;2026-05-21 19:35:44.280332+00
bcad537e-b070-4dfe-8877-f3a1be0a5f8c;premium_cta_v1;A;;88de1dac-a8cf-4756-8279-fa2b8a9a040c;2026-05-21 19:35:44.278462+00
3cb62ed9-bc0a-4ab0-a971-b7c27410b2b0;premium_cta_v1;A;;04eab750-c905-42bc-8635-efac22c8e47f;2026-05-21 19:35:44.304183+00
2ac56bf3-3c58-429c-8113-53dd54edd181;premium_cta_v1;B;;1c0fe487-0a97-41cd-9c32-6242086b7462;2026-05-21 19:35:44.312863+00
7ef693b7-2cbc-4fb7-859b-b74daa6cc69e;premium_cta_v1;A;;cc9ebf26-0cb8-4e2e-a1ff-1d66ad405bcf;2026-05-21 19:35:44.386202+00
a56d1d83-1888-4e88-8ef4-737bf6608445;premium_cta_v1;A;;db044ae8-3041-447e-a9d6-45bf7b37ae24;2026-05-21 19:35:44.425776+00
1256ecb7-92de-4b5e-abb0-875af493a6a2;premium_cta_v1;A;;76b62c1a-adc2-439f-bf3a-f0011c4ee203;2026-05-21 19:35:44.571919+00
a5b2d860-c2cf-4815-84a8-80c6a5fc49e1;premium_cta_v1;A;;606e5c22-c31f-4764-b3b0-3ab73ec5b483;2026-05-21 19:35:44.605435+00
ea5a393f-d74c-4a0d-8bd7-b6fb07051179;premium_cta_v1;B;;8663a66a-fb51-4ce5-98dc-e5f8a0412e51;2026-05-21 19:35:44.733395+00
7865c08f-d0f5-4803-b28e-98eee91bdd66;premium_cta_v1;B;;fcbfd3d7-2407-44e4-9e4e-b09ae1204aea;2026-05-21 19:35:44.974524+00
70ba46ec-90b1-4d51-b703-f2378f2e8b88;premium_cta_v1;B;;08273ab9-e6ff-4444-8808-386eb5527d92;2026-05-21 19:35:45.009587+00
8ffbce07-e8bc-42b1-ac00-829ce7802b63;premium_cta_v1;A;;58f5f78c-b4d6-4ac4-b175-54c68c78dca0;2026-05-21 19:35:45.119319+00
1033c2a1-0e2a-4cd9-b0b5-cce2a5feca3e;premium_cta_v1;A;;a6c5b7cf-0f58-47a2-8a1f-12e80e3b7dad;2026-05-21 19:35:45.166062+00
edea4894-eb5b-49bf-b87b-56b5f2836992;premium_cta_v1;B;;cac7917b-55f1-487d-a7a6-d1e772ddc01a;2026-05-21 19:35:45.610069+00
3fedf12d-e2ac-4644-be84-dedd63f2ca90;premium_cta_v1;B;;4b085496-455f-4ec7-a1f7-92609ced1b40;2026-05-21 19:38:12.910163+00
ad02ca90-96a6-4a7c-ab05-9b7c9fb2a8ad;premium_cta_v1;A;;a0f3e09a-9db7-4396-8334-44f95d95523a;2026-05-21 19:38:12.911467+00
2347ad8a-fc33-4f4c-a465-9a2642b1459e;premium_cta_v1;B;;7e900c6e-a919-4801-ab84-beb06cf129bd;2026-05-21 19:38:12.925176+00
b9d3b64c-29a0-4ba6-8c38-b4752560162a;premium_cta_v1;A;;4b576eae-09cf-4c59-860a-683d62fdfad2;2026-05-21 19:38:12.928391+00
b4bae1ec-8923-42c7-a8cf-4953de14fbef;premium_cta_v1;A;;a6f4bbd5-d19d-4ba5-ae07-429d377f3407;2026-05-21 19:38:12.926559+00
ce6c8485-ec01-4493-932b-c282245d4b17;premium_cta_v1;B;;c58fd838-1e8f-4939-b88e-8a580ef7b6c2;2026-05-21 19:38:12.943257+00
cc562889-0c84-4de6-9929-d4f06d4458af;premium_cta_v1;B;;cd1f22ef-f712-424c-bd34-9039d9115900;2026-05-21 19:38:12.943464+00
95007d8e-f4af-4e4a-bf1f-a87f4a5968a3;premium_cta_v1;B;;958b182f-1976-4b9a-950f-fa0810c453e9;2026-05-21 19:38:12.946846+00
abf9527f-b942-4104-86f5-f8516d2c67f4;premium_cta_v1;B;;3094b108-e96c-4210-a4d8-206df6186cb1;2026-05-21 19:38:12.95038+00
e09586ac-6cc9-44c9-839f-7d8f4327f141;premium_cta_v1;A;;b689932c-d9e3-4447-9e0a-7ca1466a4730;2026-05-21 19:38:12.951628+00
7a8f40e6-8e90-454b-880e-838caa57a4e9;premium_cta_v1;A;;b6c771a8-14af-4181-9fa4-b426adaf9da0;2026-05-21 19:38:12.958664+00
c42eafad-5aa0-4d91-b748-864e4f5c024a;premium_cta_v1;A;;71d5e1e1-96ff-4eb5-8e93-b9ddc44f7c8f;2026-05-21 19:38:12.969906+00
632ec71e-a20a-46c8-8016-2201337d9359;premium_cta_v1;A;;8fae5df9-48cc-4283-93fa-8354e3059ea1;2026-05-21 19:38:12.972728+00
8788f1dc-cab9-4cdd-aec9-0ec072bcebdd;premium_cta_v1;B;;bee632b1-456e-48e2-bda7-93598ac79254;2026-05-21 19:38:12.980065+00
c42341f8-8605-46e9-be6b-0f3b5bfa0e4e;premium_cta_v1;A;;93948e56-26e2-4af6-b6f4-066c18130ba3;2026-05-21 19:38:12.99648+00
80744fe5-f1e5-4e9c-aa7a-edbc7f915f36;premium_cta_v1;A;;931104f1-c5d2-4af2-a88e-429c1caa0993;2026-05-21 19:38:13.009215+00
3673155a-1d34-4bef-bed6-177be34db76f;premium_cta_v1;A;;6b8a515f-0f9d-416e-b29a-987f13003626;2026-05-21 19:38:13.027326+00
5f062070-e037-4e94-ac01-954a42387399;premium_cta_v1;B;;3addae2b-e22f-4203-897b-843018f4e277;2026-05-21 19:38:13.033608+00
c2a914ba-406f-4241-8776-3eab7418f79a;premium_cta_v1;B;;5a394dcb-c2e5-407b-ad3b-b5c126072d2d;2026-05-21 19:38:13.06611+00
11b4061f-9fc2-409d-b324-c560161b0d05;premium_cta_v1;B;;8327d331-eee4-4f58-bd82-980e65bd4eeb;2026-05-21 19:38:13.100494+00
adf30979-7705-4044-b0cf-69f4b3e43921;premium_cta_v1;B;;4fb58c51-9d0f-44cc-aeb9-1b9e4ac92edd;2026-05-21 19:38:13.824602+00
4ef9cff1-adb1-4092-a149-566b639d6fa2;premium_cta_v1;A;;af2da267-1d60-4019-9a11-c32961d231df;2026-05-21 19:38:13.824649+00
7f813fb1-57b5-49ca-b6f9-1495818c3382;premium_cta_v1;B;;ce58e112-282b-4acf-99ad-ff62a71ec1bb;2026-05-21 19:38:13.824461+00
137d2a7d-705d-483d-af98-6df76e8ae835;premium_cta_v1;B;;0ea062e5-cf4f-431d-b206-346bbb79a66f;2026-05-21 19:38:13.904033+00
337e8028-7d82-4513-b4d8-4ace4aca571f;premium_cta_v1;A;;84e6b8ad-7e81-4e1e-ad41-a8ca51bd2dc4;2026-05-21 19:38:14.066639+00
582ec315-a0b9-4b9a-bcff-09f4ce96bba5;premium_cta_v1;A;;7006d025-365d-4305-8321-40b6542c3646;2026-05-21 19:38:14.07031+00
e9336bc2-a4ad-4796-85e8-11d3d932b189;premium_cta_v1;A;;a90f8755-8dcd-40dc-b994-1ef6c24ca434;2026-05-21 19:38:14.113426+00
76a024f1-bc2c-4d9c-82ec-ab24cb0453e6;premium_cta_v1;B;;1496508d-a45d-4ecf-a00e-2f73849813d4;2026-05-21 19:38:14.122822+00
87197837-a2ab-4f16-8458-df813573d138;premium_cta_v1;B;;d6ace950-56bc-43ae-ab99-095e251ba24c;2026-05-21 19:38:14.124234+00
76690638-68c2-474a-9297-07e810664f6f;premium_cta_v1;A;;c6cc15ea-ce41-4647-a81b-5a2aface9393;2026-05-21 19:38:14.131261+00
5d5c0cb3-3051-4c16-ad16-2fb11e1731ce;premium_cta_v1;B;;65351208-03c3-4bfb-b36e-1fcca55885bc;2026-05-21 19:38:14.139207+00
796f6504-a1fb-4459-b774-d7746b5475c7;premium_cta_v1;A;;a7d08aee-f4b1-4724-be8b-06177e3a8e00;2026-05-21 19:38:14.191483+00
06df244c-b2c2-4488-9999-6b6ec8353db5;premium_cta_v1;B;;f5a9d6e5-f46e-4f83-95b4-e6048663c342;2026-05-21 19:38:14.423478+00
c74e4202-22da-420b-add1-39f26d20dbb5;premium_cta_v1;B;;6bb571fe-5e16-41e4-abeb-503f2f04fa2a;2026-05-21 19:38:14.849571+00
8cb98021-731e-462a-9a14-9c2fe648fff1;premium_cta_v1;A;;9f0ab938-d156-4227-ad9b-46aaa29b5faf;2026-05-21 19:38:14.425927+00
5e34460a-09a1-467c-bfd4-5f194aafc8d3;premium_cta_v1;A;;253bc49d-9351-48bd-949d-5e7af55713d1;2026-05-21 19:38:14.599334+00
c5a92c95-05f5-47b8-998a-2ca1bce70285;premium_cta_v1;A;;63cfc406-9830-4ee6-b970-8b43a795f549;2026-05-21 19:38:17.892806+00
c6b8abd9-a006-4293-ade5-c308547dbe8a;premium_cta_v1;A;;66fb39f1-d781-475c-af85-7f458b8beeec;2026-05-21 19:38:14.446114+00
bc91dc97-e3b2-462b-8bf6-f2f3b2528f9d;premium_cta_v1;A;;83a602ed-0760-4bf0-9457-6acfc184bf40;2026-05-21 19:38:14.485167+00
6840bf60-4970-48a6-994b-316265f4f699;premium_cta_v1;B;;e85d35d6-1754-4e66-b27a-7b255b5f76bf;2026-05-21 19:38:14.686448+00
07ccd4a9-9f1e-406a-9b77-b2bda1b1e653;premium_cta_v1;B;;7b12baaf-cab9-44bc-aa4b-f179d8343826;2026-05-21 19:38:24.140479+00
4cf182c3-8533-4bd4-b743-48c5396146ac;premium_cta_v1;B;;56f1acf8-dde1-436c-8dd8-9b101d20e6de;2026-05-21 19:38:14.652392+00
537dced4-7829-45ad-b98a-219f38fd3344;premium_cta_v1;A;;a240bd38-79ac-428d-b930-f440293fc2b1;2026-05-21 19:38:14.711896+00
911887d4-f91c-437d-b61b-787cd6eb64c5;premium_cta_v1;A;;9f72aa68-8050-4b3d-9d59-3976c7ff5cd0;2026-05-21 19:38:14.837185+00
519f9342-7de5-4c94-9dbe-1ceb3e8aa887;premium_cta_v1;B;;f5646deb-8526-4cbc-b987-2791feef02ea;2026-05-21 19:38:16.381167+00
0e6bbaaf-1e0e-46a2-a4cb-4ecebc44ecff;premium_cta_v1;A;;d2c21ad0-f941-4357-9f35-8a1e70c318da;2026-05-21 19:38:49.566549+00
ed9a5aa8-e8d9-4ce7-9546-2d6242f1c212;premium_cta_v1;B;;2b717a67-59c3-4bb8-ae21-1c44e2b745c0;2026-05-21 19:41:03.965837+00
4c03e7f2-6665-4285-8b32-03b79ab07274;premium_cta_v1;A;;fe6b9719-3de6-4071-acd0-4d84d236a0be;2026-05-21 19:41:04.494823+00
f36d35f3-3a9a-4722-80d2-6821b6ff62d1;premium_cta_v1;A;;6bdc156b-6413-41a5-bfb6-ddff5dbac599;2026-05-21 20:13:31.770546+00
3d3df4a4-3a79-4398-9129-92d9778a6c28;premium_cta_v1;B;;afcb4de1-98af-41bc-8cc4-e1d7fb1f7d1d;2026-05-21 20:23:43.703117+00
51b858f7-0a71-48f9-b075-b1b96bc48f5a;premium_cta_v1;B;;8fb0913d-24bf-4f3f-b9c9-1ed1b7c75e78;2026-05-21 20:23:44.837474+00
8b08938f-711d-4726-abca-8ff47ee666e3;premium_cta_v1;A;;7ae79901-66ef-4801-8cb7-19b50a7f68c5;2026-05-21 20:23:44.976996+00
c474b3c9-6bb4-4961-b0dd-0c28c4a1ab98;premium_cta_v1;B;;a2932848-fcee-4c44-8943-7a8f08eff0e2;2026-05-21 20:23:46.103347+00
e8a6c4bc-ea54-4560-8ee2-35a5e25f6dea;premium_cta_v1;B;;1f10b221-2b43-4612-902d-57de7b375b6d;2026-05-21 20:23:52.334212+00
187baa43-bac2-4790-bf29-a3c93e66dc65;premium_cta_v1;A;;c873aab7-5554-4e5b-a175-da56e49d0928;2026-05-21 20:24:03.555617+00
074ef07d-cce0-4cc0-a7f0-94751ca16075;premium_cta_v1;B;;f239222b-d4b4-4a6b-a389-3d607bca1305;2026-05-21 20:24:04.706181+00
2de6d6e8-530f-4d02-b145-bae0620b214e;premium_cta_v1;A;;f5055767-36d6-4064-b9ac-400622331758;2026-05-21 20:24:05.973799+00
ce7dd02a-ee2a-4898-8230-2e393abcf564;premium_cta_v1;B;;b19bdaf7-c077-4a74-8586-421ef5d3813c;2026-05-21 20:24:27.415895+00
dc2bf56f-c6d1-4ef2-b32c-031a0b46d810;premium_cta_v1;A;;6c26b480-9d3e-497a-b4fc-06b465968eda;2026-05-21 20:24:27.799707+00
ca530899-84c2-47e7-9c65-71fc80c9188a;premium_cta_v1;A;;76d72619-00d4-4c80-baec-31939972b0e5;2026-05-21 20:24:38.367936+00
d947ca6b-1fbf-40e3-8c98-8c2f255e372f;premium_cta_v1;B;;5be009b0-2d93-4104-81fc-3d79f8740f3a;2026-05-21 20:24:38.433545+00
8eb06133-4643-4bad-9374-8fd6fe7fcb6f;premium_cta_v1;B;;99292c45-273d-4db7-b3bf-b8eea653f0ec;2026-05-21 20:24:44.316212+00
cf12ac6e-25c4-47fd-b4dc-b2a2b37dcda6;premium_cta_v1;B;;37b7851f-b969-428c-aa13-3746558b36ae;2026-05-21 20:24:46.39697+00
adfdb19a-9db9-418e-a2ee-f3d273ae1144;premium_cta_v1;B;;34f47e0c-2595-4456-a214-9f2212efc6ce;2026-05-21 20:24:46.653691+00
e9bec0f2-b7fc-4e1a-bcf6-a514627d76c0;premium_cta_v1;B;;19083bcf-979c-475e-99dd-f8070b939c68;2026-05-21 20:24:57.05279+00
0375d2fb-7600-41a2-bafb-c1dfef9e1ca1;premium_cta_v1;B;;480b8623-d08e-4342-adcc-25224d1fed5b;2026-05-21 20:25:17.871077+00
9a2b8dd4-4593-4bc4-9f51-c56fa035cb7e;premium_cta_v1;B;;b87f9c09-46c8-4a94-84d2-6c34fe5fcf56;2026-05-21 20:25:18.447174+00
444ddd46-98f7-4e3c-941d-29fbb7fd9b94;premium_cta_v1;B;;a251b6e7-8953-4f02-9ba7-d41a2d530d48;2026-05-21 20:25:39.542329+00
2c1d1808-b457-4e93-bf07-0c5b3acbd0c2;premium_cta_v1;B;;d6c142fe-e025-450e-a3de-419e362c6c3f;2026-05-21 20:25:39.781122+00
2f3ecc2a-7916-4628-9872-d0d8f5ed5d00;premium_cta_v1;A;;add06335-2745-42bc-8bbc-03e9e3541ef8;2026-05-21 20:25:45.667478+00
db7c2470-0d69-4cee-b3d0-545dbfd6b45f;premium_cta_v1;A;;20ff915a-3cc7-405b-8029-9edb01f3ad65;2026-05-21 20:29:12.080049+00
0635333f-b5fa-4fc0-89e5-ce9a5cfad41d;premium_cta_v1;B;;c83bee5e-6d8c-4b45-8c1e-70149a33ae2d;2026-05-21 20:29:36.260653+00
593c84be-83a7-4be8-8220-294d8cd1ceb4;premium_cta_v1;B;;6fc4e028-ff2d-48f8-97b5-e04361c70d6c;2026-05-21 20:29:36.717922+00
ae27b122-0f53-4575-90c8-83d2034097e3;premium_cta_v1;A;;f42d3a35-a24d-42f9-8e12-c60d60171942;2026-05-21 20:29:37.031041+00
98950caa-25ef-4a33-b5c0-83079325cc63;premium_cta_v1;A;;4aa35748-dbc7-4b8b-b0ab-2e7a9495d0c2;2026-05-21 20:29:46.512179+00
b7f6f99b-6fa5-47c1-b7aa-90abfac37e08;premium_cta_v1;A;;d7e0f029-0310-4a56-8fba-6069596172e8;2026-05-21 20:29:48.087398+00
d563b15f-bfd6-49d8-b05f-9ddc0c1ee767;premium_cta_v1;A;;d820776c-3e4f-42c4-840c-d478b64a543b;2026-05-21 20:29:51.40246+00
3f016edc-bb74-402b-ad55-792ba0990eb8;premium_cta_v1;A;;5530cc3d-01e9-4083-9ce8-6a53fd5477f5;2026-05-21 20:30:03.619398+00
63b9d7af-73e1-4ccf-82f1-fb88482002e5;premium_cta_v1;B;;dc504a15-eacc-4cfa-b96a-6c1913f90308;2026-05-21 20:30:04.286504+00
f67351f6-4183-4269-bc44-42b215f1f8da;premium_cta_v1;B;;ab18a925-bfe9-4d28-bb4f-37ba553c2074;2026-05-21 20:30:05.343325+00
4804088a-1e79-4eaa-8f7d-6738f5ff2e4f;premium_cta_v1;B;;9a1e1907-b9c6-4a9f-86b3-43c1fc9735cf;2026-05-21 20:30:05.945279+00
58b1faf0-fc2b-4018-b49b-4d5d2b987e63;premium_cta_v1;B;;5cd9dbaa-845a-4020-95d2-cd9981b872c0;2026-05-21 20:30:12.103071+00
e6e889e0-9263-4287-aac9-dafbe9b66a99;premium_cta_v1;A;;47001ac0-e437-4ca3-8833-2e3499ebf554;2026-05-21 20:30:12.436668+00
7c797aad-6c23-48ec-8443-250edf43867e;premium_cta_v1;A;;0565126c-c401-443d-8e87-c71b4f283bcf;2026-05-21 20:30:22.775018+00
6dab425f-9d6e-409e-ab76-e8891ea7de2c;premium_cta_v1;A;;b0fe7d6b-d35a-433c-b044-1b243697dace;2026-05-21 20:30:22.818003+00
a2375301-3daf-4fd8-acd2-3bcc82459cea;premium_cta_v1;A;;e18b20a4-db08-4b90-a62e-2891176236ab;2026-05-21 20:30:23.677186+00
70c2707e-d44b-47c0-9a48-c73ead9781fb;premium_cta_v1;B;;6b977172-d41e-4b75-83f6-f98981a2a7d6;2026-05-21 20:30:25.482168+00
6f428843-6f2d-4146-8008-f71aaeb43a0c;premium_cta_v1;B;;d2149890-d0f4-400f-90e8-1879cca6099d;2026-05-21 20:30:25.495212+00
f4f607d5-5b25-41ab-83df-b0826a2f4bda;premium_cta_v1;A;;e889e0ab-3e37-450a-a6ce-b7c789eb6c7f;2026-05-21 20:30:25.744281+00
48a1f381-61c8-4769-b37d-0ceea1fb2662;premium_cta_v1;A;;629a3597-03ff-4974-8a0b-0a0c681274a8;2026-05-21 20:30:49.940836+00
06a46b69-0157-4dfe-86d8-1993aab50899;premium_cta_v1;B;;deaacfaf-4f39-41ed-9898-d65950f9b13d;2026-05-21 20:30:51.551328+00
d905ea26-35b0-4275-91af-024625eda470;premium_cta_v1;B;;8cfad375-c9f8-4709-8818-195c8218d4f7;2026-05-21 21:01:23.978119+00
1034214b-f32c-4659-ad58-28ea74e7fd18;premium_cta_v1;A;;15b19a66-d200-424a-b40c-ec8bbf9b7c13;2026-05-21 21:01:24.88652+00
3b031638-4420-46e1-8ce6-f860e949fbe4;premium_cta_v1;B;;784300f1-359c-4988-a696-4222e897e440;2026-05-21 21:01:25.636324+00
b5d9b05f-3967-4d0f-a0dc-48fee96670f2;premium_cta_v1;B;;66c2167b-5600-4dc6-a2b6-22c3d72c5317;2026-05-21 21:01:28.025807+00
bdfb47e8-61e0-4f6d-a0dc-a5b4718a1847;premium_cta_v1;B;;6dbbab2d-9235-4f30-80b1-14f99821d68f;2026-05-21 21:01:28.10057+00
b10e0b04-1663-4aed-84a9-1a595d356485;premium_cta_v1;B;;f5acd944-c114-4b1c-9afd-19be6ceda1d9;2026-05-21 21:01:28.174629+00
1a7452e9-d45b-4bba-9b2c-78901b0be136;premium_cta_v1;B;;a3f44da2-e9e2-49b2-9b14-9f1b24c2046e;2026-05-21 21:01:28.194206+00
3a80f7ca-7c04-4649-9632-aeffc730139f;premium_cta_v1;B;;520cc88e-f89d-4276-aacd-a967e766e953;2026-05-21 21:01:28.20623+00
610b0d0c-1dfc-4eb8-ac08-1614ac80413d;premium_cta_v1;A;;352358ef-c6a2-4c6e-a073-fdaa2ac33c85;2026-05-21 21:01:28.304619+00
d5c6d988-ab30-463e-8bea-f91d06e6a512;premium_cta_v1;A;;1f5a3889-e5ab-4381-8770-584c60d2fdb3;2026-05-21 21:01:28.486125+00
034cced5-f3fd-49c7-a881-2210994de32d;premium_cta_v1;B;;7cfb877a-804d-40a2-b5ce-121df95ca54f;2026-05-21 21:01:29.235627+00
4eab0ffb-6488-4f93-8a51-1d493632fa50;premium_cta_v1;B;;84783e5a-3ea6-41d4-aaa4-0dbdc713aef1;2026-05-21 21:01:29.509256+00
f4320c91-17f1-45cf-b755-d3a1b026cd08;premium_cta_v1;A;;b3f43b84-dd83-4a28-8466-a6d05a31f696;2026-05-21 21:01:32.144019+00
0ffcc5de-40e8-443f-960b-219a4cb3f0b1;premium_cta_v1;A;;43ff08d2-8104-4393-933e-a3c83bbce84c;2026-05-21 21:01:32.277549+00
a01f35f7-fb84-456c-9b62-17289bccd31b;premium_cta_v1;A;;0d40fa56-c6e1-4fbb-be61-95fe2c2e8411;2026-05-21 21:01:37.462312+00
6bda37cf-07c4-48fe-9feb-d82800cc6fe5;premium_cta_v1;A;;2f36d740-4bc2-40d9-bedb-89dc4f27ddbc;2026-05-21 21:10:26.19169+00
5c30496b-9673-4cf2-808a-4f1908cf92ab;premium_cta_v1;A;;a202f40c-faee-485c-a203-2a00105cebe5;2026-05-21 21:10:28.852681+00
3c6ab30b-f812-42f4-99ba-ba070e87f0e7;premium_cta_v1;A;;03b49a7c-0362-4ec8-b743-cf6382946a2a;2026-05-21 21:24:28.535547+00
0cb11829-46d4-46f4-8f06-1f7d814e3870;premium_cta_v1;B;;42ae7de1-933c-4051-af4c-02c929f86b56;2026-05-21 21:24:28.575996+00
a1172c68-063c-4711-8ca2-7d2941259117;premium_cta_v1;B;;1c43cd65-7254-4fb3-9d47-0a670f96842d;2026-05-21 21:24:28.598917+00
06435fc5-244c-4191-b211-0743f279cf14;premium_cta_v1;B;;a98d2600-111c-4c8c-86c5-bfeff0ed94bc;2026-05-21 21:24:28.667441+00
12a796f2-6d8a-4132-94e1-6d502dddc12f;premium_cta_v1;B;;dd6135e8-70d5-4123-9429-fe37a904e77e;2026-05-21 21:24:28.799136+00
526fd88c-82c9-48fd-bb32-38629385f24b;premium_cta_v1;A;;0f51666a-6469-450a-b2cb-ff3cfb19d0e1;2026-05-21 21:24:29.159593+00
08cb819f-c00f-400e-a8e2-ab66cf03e94c;premium_cta_v1;A;;a6ff8acc-eb82-41e5-a34b-54116a9bdcf4;2026-05-21 21:24:29.769196+00
8bfde84f-b37a-4324-9647-3c84f7699b44;premium_cta_v1;B;;f3d4e817-bacb-41df-9c4d-e531a12ea6ee;2026-05-21 21:24:29.929032+00
9228d8f6-7208-4320-bce8-73f6154eaece;premium_cta_v1;A;;f35490ff-84f8-4ac0-9492-5733e81606ca;2026-05-21 21:24:29.994891+00
104adf51-4c4d-4d1e-82b2-da557399c17b;premium_cta_v1;B;;376e8b50-6670-4144-9d5c-fe7fad557eb5;2026-05-21 21:24:30.08379+00
bff5201b-8bad-49d9-af0f-22b38a3ca5e9;premium_cta_v1;A;;1b52f3c3-bc8c-4c69-8828-7134c419a262;2026-05-21 21:24:30.464807+00
beb4f868-68da-4bcc-a7ce-69b625239fbf;premium_cta_v1;A;;0b36e596-1806-4c06-9a2a-f2f6bcc16453;2026-05-21 21:24:30.738619+00
fbaa5a6d-c8b9-4dce-a1b8-2d9f9bf62a89;premium_cta_v1;B;;27ac9a72-9a42-48ed-81a8-313d20bb1de7;2026-05-21 21:25:25.184718+00
5be3a9b3-5552-4b9d-b047-566054404f7a;premium_cta_v1;A;;f7ef0fa7-2f8d-4a07-a4cc-7e04c4da3dbc;2026-05-21 21:25:31.678274+00
1843a7ce-b91e-4d54-8372-12e3e0fa2afd;premium_cta_v1;B;;e42e05ff-01bd-4086-abb6-efbace541d5c;2026-05-21 21:24:31.733638+00
e560cfe1-6e72-4767-8cf8-8a9184017ca2;premium_cta_v1;B;;5a57f8ed-d112-4428-bbd0-e7adab9db719;2026-05-21 21:24:44.651076+00
67957cdf-79b0-4fff-970f-dcc5a941918c;premium_cta_v1;A;;20aad35d-bb4a-4fd0-995e-a581b491b039;2026-05-21 21:25:09.242312+00
7f023986-52e9-4504-9741-8f264cd6473d;premium_cta_v1;B;;3f289774-daf7-4e39-a97f-3cc89e7c705d;2026-05-21 21:24:31.799618+00
49f00130-26ce-44ed-ba7a-251c5f28e286;premium_cta_v1;B;;8222f129-2afe-4197-937e-0afd39cf6ce6;2026-05-21 21:25:00.776385+00
b8fe6c73-4b00-4e99-896c-e96557db394b;premium_cta_v1;B;;864605c8-9703-4496-ac98-4f166cc82ef7;2026-05-21 21:25:24.860811+00
ea9939a0-4185-4ebd-bb45-338196d651d5;premium_cta_v1;A;;a1f62a6b-864b-4548-b6f7-1b5988314d34;2026-05-21 21:24:35.412778+00
c94ce2c3-f190-4cd1-813f-af02654051a8;premium_cta_v1;B;;b9257760-ba44-4c94-8c8b-e0c0a12a734f;2026-05-21 21:24:54.331365+00
d250cf22-9f20-4202-9e54-aaab3e275458;premium_cta_v1;A;;3e749b7e-e90d-4d9d-b1ce-0f1b09ff4690;2026-05-21 21:24:59.914393+00
007a53bf-ad38-42c7-9c13-55e6c6f1a5dc;premium_cta_v1;A;;01ce5894-3098-433f-8bba-288e63f26f01;2026-05-21 21:25:09.426511+00
0ddf840c-11c2-46ff-83ac-2748e6abddcd;premium_cta_v1;A;;c29c8b15-9694-41a0-8dce-f7afcf63b3bc;2026-05-21 21:25:09.996287+00
7065b6a2-c60f-479f-be64-4f54df861acd;premium_cta_v1;A;;9ed82e04-47fe-451b-ba43-8d0f2a038b72;2026-05-21 21:25:23.168812+00
0a0c6822-0b85-4db1-9eb2-a01f2da207c6;premium_cta_v1;A;;ab136c02-fa23-4ff0-864c-f4f2fafc754b;2026-05-21 21:25:27.531619+00
421920d0-493e-4137-b8dc-36269557860a;premium_cta_v1;B;;027c3aae-e796-4c96-9a7d-998472dfa535;2026-05-21 21:24:45.482561+00
90ff5d51-ffa1-47c1-bb32-146f860eac5f;premium_cta_v1;B;;131f35f5-871b-4daa-8e3d-c324aa1e9aa5;2026-05-21 21:24:48.5809+00
b1667857-2f98-4d21-9828-cc1efe5c8ea8;premium_cta_v1;B;;61825114-09ac-4a3c-bb0e-244000dc1b9d;2026-05-21 21:24:58.640327+00
1cbcd17b-82bd-43dd-8e72-ba42101b0ce2;premium_cta_v1;B;;042c68f8-5152-4c2d-b4ea-c0991c8e60df;2026-05-21 21:25:08.009641+00
eb0317b4-7cc1-41ae-87d0-00436d67ada5;premium_cta_v1;A;;7476b87c-d599-4e57-8c7b-85836835b385;2026-05-21 21:25:08.465876+00
2e2def62-3eab-4b30-b9f0-98c33628bc4e;premium_cta_v1;A;;8e07e03f-84e2-45ba-a672-c1a5322ef9e3;2026-05-21 21:25:10.13438+00
731f44bf-e3c5-45d1-95d5-657e6aafdac9;premium_cta_v1;B;;75ab72e6-70a1-4029-8149-c9d0e65a199b;2026-05-21 21:25:10.35056+00
8d656cd1-7b4d-4dc6-857c-3d6aba7736b7;premium_cta_v1;A;;303d4cc6-ff1c-4cac-9763-899c3dc32f09;2026-05-21 21:25:19.517639+00
08fe9ede-f471-456d-a327-345f6aabcf6c;premium_cta_v1;B;;ac17f6f3-f351-49e6-97b9-95de895c80bc;2026-05-21 21:25:25.395166+00
db11fca1-c894-4df0-8f54-3bc1578b799d;premium_cta_v1;A;;c157bfd1-b2ee-49f2-992f-9afaebb47046;2026-05-21 21:25:27.686227+00
3a01cc72-1b33-4a1a-9907-ebfc5659b30c;premium_cta_v1;A;;b306848d-0e7b-4e66-b2fb-4d3c32057b67;2026-05-21 21:24:50.970222+00
0820d588-4f75-4e5e-9548-3913ad8debd1;premium_cta_v1;A;;1ede3519-1565-4fd2-a74a-368d4d01ad5a;2026-05-21 21:24:57.100045+00
1bd7b4db-1dd6-4a12-8525-7aadb8d1ea85;premium_cta_v1;A;;bdbaf8f3-5d6d-4041-a3f8-ccf4e94e6753;2026-05-21 21:24:58.740191+00
4962cd46-293d-4129-b465-6f9084029b61;premium_cta_v1;A;;495adaf5-8eb4-4080-9c10-42737ca7801b;2026-05-21 21:25:09.190989+00
6cb4f336-c734-4a11-bf23-6fbcf8efd76d;premium_cta_v1;A;;632008f1-4ec4-45fc-8c17-4f6200235bcc;2026-05-21 21:25:30.643866+00
aa329260-b7ef-4c8f-8a61-d269fc739fa0;premium_cta_v1;A;;80d78b50-ce82-4ec8-a746-bb6d68eefb83;2026-05-21 21:25:08.673991+00
3fca1a4d-1ace-4621-b8b9-adb09e333ed9;premium_cta_v1;A;;6af799e0-dcf8-4eb9-a621-cd0e2a72198a;2026-05-21 21:25:09.435652+00
828a4f4c-db26-4447-b715-84eb19c95bd7;premium_cta_v1;B;;85591b21-a249-4009-8638-2ee36603318c;2026-05-21 21:25:10.057759+00
4beb108e-6c59-4039-94ac-3ecfd4cf31e4;premium_cta_v1;A;;83bb4730-109d-4be0-b0ab-f74e75454d4e;2026-05-21 21:25:19.786504+00
f4e85a4c-f843-403e-a9dd-88b13b8fe0f3;premium_cta_v1;B;;7056bb8d-876a-4273-84ed-73623fffa2be;2026-05-21 21:25:27.567379+00
adcae8f7-f656-44f9-9d41-80625877291a;premium_cta_v1;B;;253b9ee1-23f6-4ef7-9e31-6c97af139fb0;2026-05-21 21:25:31.10883+00
b6a1264d-0d3c-4f67-a5e3-4762f775c4b1;premium_cta_v1;B;;07a74c55-d2fa-426f-b9d3-9f559eaca4d6;2026-05-21 21:25:31.423292+00
c9dae5f2-8cf5-4298-92ba-bce022fa061d;premium_cta_v1;B;;45f83e80-63e4-4674-ade3-582c8b5052bc;2026-05-21 21:25:59.712744+00
0f34fd47-c2d2-4293-9bd5-31affc20bd1d;premium_cta_v1;B;;ccbfe9a5-c7fa-40dd-808d-9b785497dc53;2026-05-21 21:33:41.564908+00
c76186e7-4513-4e83-a9f8-27be06bbada1;premium_cta_v1;B;;ecc66726-da59-4fcf-b175-56fd56ac7f0a;2026-05-21 21:33:42.555612+00
478cdca3-0eee-4868-bde9-003483c5ff89;premium_cta_v1;A;;d8571aef-99c6-467d-86a6-d9aa869709d3;2026-05-21 21:36:51.268763+00
c807a4c6-24bc-4f3d-b6a9-a88236f98e9e;premium_cta_v1;A;;628027d9-48bf-470c-9cb4-52812cb1f6fb;2026-05-21 21:40:24.036076+00
5d65362b-9a9f-435d-afe4-2a44eac05d54;premium_cta_v1;B;;699ffc76-8266-4233-9e96-98c299bd7250;2026-05-21 21:58:12.34341+00
66567d88-7514-4c63-a9b6-682dfc1b3f3d;premium_cta_v1;A;;9cab4172-9aa5-401b-aae1-0f10f552099e;2026-05-21 22:05:12.655874+00
b5b008da-952b-48bb-a191-a9323c3e2caf;premium_cta_v1;B;;621eb907-1829-4dce-aad8-aac1bc767927;2026-05-21 22:39:55.401367+00
8dacfcd5-0439-4c54-b75e-fe30fa24b26a;premium_cta_v1;A;;5656e908-e6f2-4620-b11f-762962e33929;2026-05-21 22:55:51.855903+00
bff87694-3cc6-4808-a525-dc9395bb51bc;premium_cta_v1;A;;2473e8d5-8215-4888-a48a-90ab14436cc4;2026-05-21 23:51:54.633531+00
1152f072-8210-4288-8655-1cec5be9a234;premium_cta_v1;B;;b3592f54-e22c-442e-ac90-d572818b7952;2026-05-22 00:05:26.801768+00
6ee30861-3ee6-49f6-8d48-c12c472ff9ae;premium_cta_v1;B;;c04d5138-b3c1-4f5b-a674-161ada023d12;2026-05-22 00:08:39.811978+00
a2fd6b02-53ab-4489-99ef-8d6d8d41df88;premium_cta_v1;A;;5123a8d7-44a2-42f3-a94e-f6f1feb9e643;2026-05-22 01:26:47.377006+00
ca849a5d-891e-4dd0-aba8-a228a1bf09e8;premium_cta_v1;B;;eae79066-ccaf-4a3e-93c3-f2b1cf03df7f;2026-05-22 02:30:41.652814+00
e2722a0b-011e-480d-b5b1-5e3ec05d8d75;premium_cta_v1;B;;4caa12b4-d001-4f97-871e-17cfb191eb47;2026-05-22 02:30:41.738403+00
fcb16b0f-060b-4d2e-9a7b-f610a6faf98c;premium_cta_v1;B;;793895ef-9085-4fd0-b210-fb73c6dcf87b;2026-05-22 02:43:26.853487+00
95eacba0-f924-4642-b683-ebc21aa0c6f6;premium_cta_v1;A;;d162da94-da7c-4359-a238-ea483380c850;2026-05-22 02:43:26.857799+00
5f68ffe2-ecb7-4b63-93ee-f1ba3ff436d9;premium_cta_v1;B;;e944c465-dbf2-41e8-a205-2abb11619ce6;2026-05-22 04:34:41.011825+00
eaac261e-55a7-448b-9db7-3e11be42ad1f;premium_cta_v1;B;;f5e3199a-8e50-462b-b39f-1acd0d6adbf2;2026-05-22 06:56:41.873352+00
61655dd5-f1cd-4ab8-9b34-d86b41f1988b;premium_cta_v1;A;;f0fe6aad-485f-4e04-bc06-df67d9a8fcab;2026-05-22 06:56:58.479122+00
8a9d51eb-4093-44fa-90df-09cac7a71f34;premium_cta_v1;A;;d2543753-0af7-47ca-8e55-80acaa2d66f5;2026-05-22 07:21:00.44419+00
7cfb3a65-fda4-43c2-8875-55e43e20f710;premium_cta_v1;B;;acf0f226-3f3c-42b1-ae08-85b8488cbdbc;2026-05-22 07:44:40.575711+00
c01faaae-e39d-4aad-9b1b-76d272f3204b;premium_cta_v1;B;;a8da4448-4616-4f25-a68a-2b173fb5455e;2026-05-22 07:58:12.229996+00
e566a0e5-c3ff-4379-8a06-75e3a7d768c6;premium_cta_v1;B;;48dfe115-936f-4836-88c8-450afe918229;2026-05-22 07:58:20.474566+00
81c4070f-bc68-4f5f-85df-21a92173d6e5;premium_cta_v1;A;;4ecc74a0-9759-4af6-8a68-bc701f93e9dd;2026-05-22 07:58:21.501233+00
a5f0da30-ba4e-4cb2-aa13-e6c19abba0aa;premium_cta_v1;B;;71b51050-64dc-40d0-b066-07875753dfa8;2026-05-22 09:34:09.401339+00
7aa84370-4c1b-4690-9a71-488902c8c1d3;premium_cta_v1;A;;1704e569-f364-459a-b5eb-0fe853bf0bda;2026-05-22 10:11:21.510336+00
0e7ec33e-b82e-443b-9cf5-0c1d405cf880;premium_cta_v1;A;;f2fc968c-4509-43f3-b54e-042b7a684996;2026-05-22 10:57:10.830431+00
f5762cab-e052-430f-9abc-20cc42f90eff;premium_cta_v1;B;;016e9ac4-bc03-4e8d-8b3c-829b8814eaab;2026-05-22 10:59:34.085338+00
b877e123-8bd9-46d4-b01e-483c344e8192;premium_cta_v1;A;;3660e588-c6c9-4684-a072-a6e5a30a3938;2026-05-22 10:59:34.109275+00
48007435-2a4f-41c9-aae1-5e6298fa97e3;premium_cta_v1;B;;c4f4a8bf-991c-4d97-868f-0d7937a6cce2;2026-05-22 10:59:34.128032+00
d7bf0890-203b-4de8-8a2e-3808b74fdb8d;premium_cta_v1;A;;386911ba-e813-4dad-bb47-0ae5f3f67c3a;2026-05-22 11:00:24.703669+00
660f2466-bfea-498a-9df9-9e7e9d558bd1;premium_cta_v1;A;;4b24dab3-09aa-4d7f-aa32-5aced0510223;2026-05-22 11:00:42.809393+00
d34f4ca4-133b-44a7-b90c-b850465f7fc3;premium_cta_v1;A;;54532018-ccea-45e3-a906-6421051836c4;2026-05-22 11:15:05.015543+00
fdd38bdd-246f-4c63-a453-0a787547e94e;premium_cta_v1;A;;bd7f7185-4124-45e4-9862-7e3aaa17e529;2026-05-22 11:15:09.445968+00
c93813b9-36f1-494f-afd7-82b6f48f464c;premium_cta_v1;B;;7590e730-2bb4-4f19-9d00-2b1857510db7;2026-05-22 11:15:09.66461+00
62e33d84-e610-4988-a65d-cbcd283d419b;premium_cta_v1;A;;d3df0646-f622-4eff-8723-8667046ab9ca;2026-05-22 11:15:09.986194+00
edf593fa-ac6b-4dad-9332-ea8532c80fcc;premium_cta_v1;B;;3dbf9b02-6fd3-415e-b2de-9ec03768d3e5;2026-05-22 11:59:10.761467+00
88275973-915d-4844-86ee-e227f5e4f4d5;premium_cta_v1;A;;b91949a7-ad5e-4c67-be7a-bd1787d1a8dd;2026-05-22 12:03:42.25657+00
b5155a1c-0ecf-4b50-bea8-94af67d08847;premium_cta_v1;A;;7c31f27d-5324-45d1-8a9c-764e804f0764;2026-05-22 12:04:05.228943+00
b5c77457-37b5-4d52-a28f-91e5872b4887;premium_cta_v1;A;;3143cea7-1483-41ae-ba68-5b4d15ce97b5;2026-05-22 12:04:05.353256+00
e5db580a-a6cd-401b-a672-d152243e7e36;premium_cta_v1;A;;b28e2f1e-46d8-4ba9-8ec8-4f968bd56268;2026-05-22 12:04:05.589321+00
2585dd8d-84ef-40a1-b9e5-90fa7a4f2705;premium_cta_v1;A;;e149f357-1045-4c3c-baaf-21174d9e38a3;2026-05-22 12:06:52.32734+00
7e96d428-a661-48e6-893c-c7dd2c887578;premium_cta_v1;B;;1dab290a-f83d-408a-bfe2-a6190b7882d0;2026-05-22 12:25:34.678811+00
2d203777-c8e6-4c4f-9e18-5bd715666380;premium_cta_v1;B;;59046519-3009-4c0e-b010-e636e27a5af7;2026-05-22 13:18:56.125318+00
7141084e-c95e-4fbf-91ce-ee37be20680a;premium_cta_v1;B;;151206f3-eaec-4c13-b934-c1e3477edb24;2026-05-22 13:19:15.537171+00
7c7a5173-87b3-4929-964e-9a5f6772330b;premium_cta_v1;A;;050c454a-65e5-4d2f-a1ac-af4c15b59fa5;2026-05-22 13:44:16.560571+00
d95f085d-a684-4c12-9a1d-69673b762cbc;premium_cta_v1;A;;70e92707-a8c2-43ad-bfeb-ea37741d9ed9;2026-05-22 13:47:40.816474+00
c69329e0-2b1a-4f78-a9a8-62dd6f81ee8f;premium_cta_v1;A;;b78b61eb-cd8d-46af-82f6-70cf8c9e3c0f;2026-05-22 14:55:47.500474+00
fd640beb-f89a-4dbc-931b-f58ee89ea6de;premium_cta_v1;A;;7211e588-7a60-4c2e-9f5b-cabd9b308da9;2026-05-22 15:09:26.344223+00
e5bb9604-7551-4110-ac53-c2fd13d821a8;premium_cta_v1;A;;6bd5a877-2ea1-4467-8ed6-4ea6ba045608;2026-05-22 15:09:27.477371+00
fbe3b29d-9de4-4589-8588-46fc3c3da825;premium_cta_v1;A;;85afad3d-e067-47f2-bcff-c24ce05c84d1;2026-05-22 16:28:53.973928+00
b398ebcc-c486-44f3-8c0a-39a29491e6bb;premium_cta_v1;B;;cccc6146-23e4-4eef-ae7a-ac84e244f576;2026-05-22 16:33:19.322685+00
d6c8a316-f2fe-409f-96d0-930612557195;premium_cta_v1;B;;c421a2c1-f2c8-450b-89ad-cba85a22f93a;2026-05-22 16:33:20.228397+00
e9f8686b-fa45-47b5-8c5b-05039855132b;premium_cta_v1;A;;cfd93749-01d4-434f-8db0-95f1082580bc;2026-05-22 16:33:20.915436+00
c06c72f6-dae9-4322-a426-1a588cdc5f7f;premium_cta_v1;A;;bff9e729-cc26-4ff0-b913-5b92f2df0435;2026-05-22 16:56:49.290745+00
76e87277-6f37-4bd0-923f-b63e4ba13255;premium_cta_v1;A;;86d4de15-6d23-49ed-a375-f2fa64383469;2026-05-22 17:27:45.293747+00
53660325-b2c0-46d9-924a-f976782709c3;premium_cta_v1;A;;52ab70e6-31cd-4a5c-b662-9f5150985bc3;2026-05-22 17:34:19.401308+00
94c1b670-6030-4600-a6a5-c9c65ae469b3;premium_cta_v1;B;;a5a8dccf-42c3-42d4-bb6d-77e4a66cac56;2026-05-22 17:35:55.366708+00
a9bb957f-ee9b-4565-9364-600b79feae4d;premium_cta_v1;B;2717883b-4db6-4b87-a556-e2c6b38e5e24;;2026-05-22 17:38:42.171354+00
18364ca3-67a0-41de-b5ad-fdbeed958d22;premium_cta_v1;B;;54b87961-ee53-43ff-87d4-f456fc16c781;2026-05-22 17:39:35.618686+00
02f0b0fe-b4e9-46f4-a6aa-fda4601effae;premium_cta_v1;B;;b1b9100f-b8ed-470f-a546-b68499bba2b4;2026-05-22 17:56:11.808132+00
0f8281a8-f130-40f7-ae04-01076a1af1dc;premium_cta_v1;B;;01acfc67-dddc-4286-bcb5-80c6dddbebbb;2026-05-22 18:00:26.659041+00
8b03c638-476b-4bfd-be13-6e165663d49b;premium_cta_v1;B;;54b5d020-3d8a-46bb-9fec-c0c41d6b27dd;2026-05-22 18:02:04.502179+00
61ada594-aadc-41e8-9d16-d3a2fa6611af;premium_cta_v1;B;;39d6cca9-f60c-4e22-914d-540283aaaf4c;2026-05-22 18:17:22.616582+00
4f8e216f-8df9-4327-a069-125bfc0f384c;premium_cta_v1;A;;ff77fea5-6fa4-4e26-8b3a-b39f838063ee;2026-05-22 18:17:22.66462+00
fc5c1b12-7ce4-4ac5-8607-033a9bd9dd99;premium_cta_v1;B;;c1cfe597-1cd3-4d82-af27-28838791e731;2026-05-22 18:58:17.820991+00
c1a1c0d1-bf5a-4b57-abba-23247020741b;premium_cta_v1;A;;a26330af-9b7e-4dd3-90d9-a80f6be53ad1;2026-05-22 19:27:03.328415+00
af3e2519-75eb-4d9c-8b3d-3bc399a8fc01;premium_cta_v1;A;;e18cd4f1-526e-47ab-b736-5ade35530429;2026-05-22 19:27:12.725565+00
a01ba961-4a70-401c-99d1-174e9e7aeb9b;premium_cta_v1;A;;b17e8386-3926-4008-b2bd-c7787da6dc04;2026-05-22 19:49:39.70799+00
c5e25b00-d1fb-41e8-9e58-e158cc9c5a6d;premium_cta_v1;B;d16581ef-007e-4345-b9ba-9f43cf83ce8c;;2026-05-22 19:50:27.822055+00
671bd293-a069-49ed-a9eb-794d9c54e3ba;premium_cta_v1;A;;64adb546-900e-4fe3-86ec-ed8f65d57d26;2026-05-22 20:14:40.321574+00
2b155a36-ac7b-443f-92ea-8599cfc9bb3a;premium_cta_v1;A;;d0eb8724-119d-412c-b679-f13111f53df0;2026-05-22 20:49:43.516414+00
6e134908-4726-4419-8c48-fa96f731696b;premium_cta_v1;A;;2c934563-f437-46a3-a004-5600552b5065;2026-05-22 20:49:44.860335+00
f001baed-77f0-41ca-80dc-51fc83f6241a;premium_cta_v1;B;;86aed2c4-3dba-48e5-8783-f79c2b493744;2026-05-22 21:03:58.793119+00
9902d41e-862c-45be-94c6-f1fb01bc3d53;premium_cta_v1;A;;7626c363-8ce6-4c44-b056-6ebc21651e91;2026-05-22 21:03:58.910488+00
fd160697-aa29-4775-b821-e7041f83f80e;premium_cta_v1;A;;b2f1eee2-4af6-4ad4-819d-d1f54beb86c9;2026-05-22 22:18:53.909394+00
fb505286-3125-4e06-b2b1-53474de17454;premium_cta_v1;A;;a79d716c-943b-4bca-92f0-2b79b87e1797;2026-05-23 01:53:57.264484+00
93980a07-e831-4081-ae27-2c18f4acd3e2;premium_cta_v1;A;;4bc80d25-11a1-41de-9c67-1ec7d5fe2f36;2026-05-23 02:30:42.200125+00
c57c28b9-567f-4077-9266-88f26a646227;premium_cta_v1;A;;1f40992b-190e-4c02-8013-aa79d56e3dcc;2026-05-23 04:49:39.704775+00
f58bc412-825c-4d3c-8a87-227195903b1e;premium_cta_v1;B;;38d06aca-3d54-4204-b4c5-4bf62d071ec9;2026-05-23 05:12:29.959991+00
68fc657a-166f-479d-8bae-9caefc00cbb9;premium_cta_v1;A;;255eeebd-a02e-4ec8-9048-fba88cafe0cc;2026-05-23 05:13:57.406701+00
6aec5f68-f8aa-4ebe-a4e7-f84ddfde922d;premium_cta_v1;B;;25cb5f08-25c2-49cc-805a-4d3c96931b1a;2026-05-23 05:47:27.644103+00
edce6cea-db92-4111-b09d-fc10a82a55fd;premium_cta_v1;B;;70d233de-8efc-4e13-8d9f-b45322e015f2;2026-05-23 05:47:32.494122+00
83f99f62-3b3f-42ef-933a-de543f34e868;premium_cta_v1;B;;8c502f1a-d297-478d-852e-83c52656f7a5;2026-05-23 05:47:37.759499+00
196fd49b-00e3-472e-8360-84fcc1c5cd15;premium_cta_v1;A;;eee78264-1f08-44dd-85c5-a61ce761576b;2026-05-23 05:47:41.353669+00
3e0c85c5-b7bf-43c7-92b4-50dadccacfcd;premium_cta_v1;A;;c2908111-d52c-405a-9d35-7eaed1a84f46;2026-05-23 05:53:58.373745+00
17bccf7a-9fc0-4747-aa1b-985dac25e74f;premium_cta_v1;B;;d99a6aae-7d8a-49b4-b4f5-8c2ced850d3f;2026-05-23 06:05:52.878029+00
dc519b00-8967-48f5-9c9a-a70ff53e3a56;premium_cta_v1;B;;f35a3463-4b21-447f-922d-09eb1d91df6b;2026-05-23 06:28:10.095318+00
76ac121d-9301-49c2-95f1-c62d10432704;premium_cta_v1;B;;792ba5ce-fbd8-4e3f-9bfa-8b1166411d16;2026-05-23 07:07:56.085695+00
540813b0-8985-40a7-8354-cbddfe30df99;premium_cta_v1;A;;7d9b52d3-e421-463e-94d5-e3261e582995;2026-05-23 07:07:58.233792+00
da934f4b-0165-4a92-bcdf-25a84554f8bc;premium_cta_v1;B;;6fa8e29c-46c9-46ee-a7b8-6785cb5168af;2026-05-23 07:09:25.961776+00
8814f585-047e-4abe-b682-7a28cc70bc50;premium_cta_v1;A;;0f46f511-ad11-4e6f-a0a1-337074ad1055;2026-05-23 07:09:26.014627+00
93a08bb3-5307-4a49-a1a3-268e5e0b81db;premium_cta_v1;B;;f76cae49-1f41-4e2b-a9fa-c59489c106b4;2026-05-23 07:09:33.434969+00
214fbb62-f101-41ad-82fa-dd272be7a65f;premium_cta_v1;A;;9a9f6310-1edd-4f80-81d9-01ae93774982;2026-05-23 10:48:17.756135+00
ce49f0b6-13ac-4a1a-86fb-6fc632d30481;premium_cta_v1;B;;d060cf5f-0000-4500-b5b3-7be03c85d223;2026-05-23 11:33:37.886026+00
eb27433c-26e2-49ce-a733-dd64ecdade02;premium_cta_v1;B;;3efa3f77-5e86-4fde-bf7b-9d4b9c8a0e1e;2026-05-23 12:03:00.383901+00
f35c7dcc-c492-47a5-906b-9f1aca34c347;premium_cta_v1;A;;d3372d84-024b-435f-a3ff-b5757627b1a5;2026-05-23 12:33:26.569294+00
3084468c-7d5a-45bd-bd0d-1aea5512e23f;premium_cta_v1;B;;6f421d60-970c-4ab4-b450-6db2a0f6359d;2026-05-23 12:33:26.619977+00
34468871-94f7-40da-af0b-23743ceadef9;premium_cta_v1;B;;2ae9f539-8ea9-48c9-bf10-158ca0a356d8;2026-05-23 12:33:27.884662+00
fae43eba-38ba-4e9b-8ea0-33d5bb57ef59;premium_cta_v1;A;;88e71188-d4f6-4f5f-b173-73a5f2230968;2026-05-23 13:11:50.092155+00
756f3744-5707-4e9c-9898-208f4f5e0403;premium_cta_v1;B;;8deca1a5-d874-441f-9ef1-be231d07e97a;2026-05-23 13:18:17.922609+00
ad05f123-4a70-4036-a810-ac51937cd4a4;premium_cta_v1;A;;46ae436c-1dfe-422b-a689-0fddb9cbe58d;2026-05-23 13:51:04.012271+00
8df0ac6c-c8ae-44ad-aabd-c7c1790695d0;premium_cta_v1;B;;8883bd13-e22e-4785-b856-34cb60ea607f;2026-05-23 13:51:09.890261+00
fded5dd9-e6c1-4335-842a-dc4011a5c66b;premium_cta_v1;A;;8c6dd6f0-1f77-4e02-8a62-80c4569684a5;2026-05-23 14:10:17.379303+00
5a5745bb-1b71-4d85-ae36-a45315d93efc;premium_cta_v1;B;;05a93c89-90cf-4f84-836a-7944976efc74;2026-05-23 14:56:24.977332+00
bf31052f-eb18-491e-a7e6-a842ba8df672;premium_cta_v1;B;;377bfaca-edc2-4f7b-a483-8b0fdcbba06e;2026-05-23 14:56:31.909103+00
08da2664-776d-4027-a417-7404925ca658;premium_cta_v1;A;;f0c73c4f-c49c-4711-ab63-c35244ef5c81;2026-05-23 15:05:42.758413+00
88400351-cb28-496c-82b6-7b795deebe3d;premium_cta_v1;B;;8cce8f00-4559-4e3f-a8f0-a8d116b645de;2026-05-23 15:19:28.138608+00
5ae0373f-f67e-47d5-8fbc-12c73e263ba1;premium_cta_v1;A;;cad43bdc-6b4b-463e-af97-f301268902e2;2026-05-23 15:23:32.67004+00
e4124493-6302-48a0-a223-2938c8e07558;premium_cta_v1;A;;435b6ab6-b47a-40d1-b039-16b1352528da;2026-05-23 15:29:25.504761+00
15234449-5625-4962-9366-84827cee138f;premium_cta_v1;A;;176ddcbb-353e-4a07-a0c0-375b5b359b77;2026-05-23 15:37:17.760866+00
0acbc1e5-ef3c-4fba-90c0-29fed7223c33;premium_cta_v1;B;;b09f9973-34da-49dd-8274-efa9c7b6df5b;2026-05-23 15:39:41.572379+00
d21627ca-fd24-4a14-9a22-83ccdb0894a3;premium_cta_v1;B;;9b6ae5b6-bb47-4c09-b781-a1ef0edbb669;2026-05-23 15:40:13.736254+00
8031dd47-a18d-499a-9f6b-4f563798e45e;premium_cta_v1;A;;02515861-bb03-4dc4-a96a-456f6987977d;2026-05-23 15:45:02.107518+00
e7a9ffbf-9c54-4129-9181-bb259fe74d7b;premium_cta_v1;B;;b29d282c-c620-478f-b7bd-ec06bdd605c9;2026-05-23 15:46:42.372904+00
b4f2e0e1-434d-4f3e-80b8-53614cbcac3d;premium_cta_v1;B;;8b4f86aa-d341-4147-9224-c60d8a0da820;2026-05-23 15:49:16.371019+00
4dad2fda-cd37-42bc-9ae4-61fb9c8b5c68;premium_cta_v1;B;;6e2273e3-5980-47c5-a3af-309aeb6ddddb;2026-05-23 15:52:25.068167+00
7844e1a6-00f4-471a-be07-1aed966ca01b;premium_cta_v1;B;;2d338e53-e781-46bb-88f2-245146a6eee6;2026-05-23 15:56:58.812294+00
dc42e842-6de8-4e5f-b154-ce017928aa20;premium_cta_v1;A;;f50984e6-c0f2-4b94-ad26-3fe861ad7945;2026-05-23 15:59:04.629248+00
bbcc26cb-7128-44c5-89e2-2c572abe9ee2;premium_cta_v1;A;;e95a1d25-0f8e-427c-823d-4757049788d4;2026-05-23 16:04:23.472471+00
7be042ea-63dd-4614-9e94-076174ba9847;premium_cta_v1;A;;073b3bbb-50da-49da-a169-b11792751a99;2026-05-23 16:13:30.997033+00
3eb6c620-b237-40de-8d74-1e68f7a970fb;premium_cta_v1;B;;58739208-dac8-4f34-8181-cbc909232494;2026-05-23 16:17:21.563533+00
f1b83849-c231-40fc-bedb-9a9269bc8efd;premium_cta_v1;A;;f1ae5870-f902-4ab0-8803-b74db80d4cf0;2026-05-23 16:27:01.566321+00
8da44106-b445-4394-b3e2-e64aebde3712;premium_cta_v1;B;;1dd21cf3-9092-47f6-98f7-5cd6becbd9cc;2026-05-23 16:29:01.588114+00
ce0f5f50-eb66-410a-9533-fb431031a430;premium_cta_v1;B;;667845aa-fb3b-4878-b2c1-d55551a8376a;2026-05-23 16:36:02.760773+00
cae94d48-7dee-4c77-a90a-4d6e4d3c3abb;premium_cta_v1;B;;785d3c71-6119-4e58-9def-b1d06edfac2a;2026-05-23 16:43:05.154997+00
bc956e3e-4f42-413f-a1f6-72d556d0ee37;premium_cta_v1;B;;a77c090b-7d22-4478-ac24-7b7032efaa76;2026-05-23 17:30:27.793177+00
879064fa-45b1-4d84-b44a-23ecf2e5a7bc;premium_cta_v1;B;;bf676c51-593e-43d3-873f-cfcaeeb1ba90;2026-05-23 17:33:24.244996+00
89547529-c7a7-458d-893c-baccf9553510;premium_cta_v1;B;;0724262c-148d-4c04-8b7b-aad005100519;2026-05-23 18:03:14.101409+00
6356a079-4846-467c-ae80-0f62eef61db0;premium_cta_v1;A;;62bffb74-7b61-4a1d-8fc3-3b5013209da1;2026-05-23 18:05:15.125975+00
a89be1e6-3833-462f-b7e7-feacf516cbc0;premium_cta_v1;A;;2ede3068-aa21-461b-a089-98618168f31f;2026-05-23 18:18:58.943721+00
221cd472-5d31-4e56-a75c-18b138feab56;premium_cta_v1;A;;7727275d-f5ae-4d80-872f-8413936ae4ef;2026-05-23 19:26:06.200326+00
02d1b801-f455-4ab1-961c-c6a95a8e1cb7;premium_cta_v1;B;;b7f4f63d-7494-4761-8583-74aea85ed472;2026-05-23 20:20:39.372798+00
f2e3b333-0d4a-417a-9884-9a022790e6a3;premium_cta_v1;B;;bcef6c72-d6ca-45e1-9b15-fc69e8b7461e;2026-05-23 20:49:53.598662+00
3e2398ca-4739-4a3e-a7a0-fb0b9fb14457;premium_cta_v1;A;;ba2195b2-9faa-4c9a-89c0-952c268cf9de;2026-05-23 20:50:00.924643+00
9ede3b4a-45e3-4b17-a373-64e5adf23053;premium_cta_v1;A;;5c71686b-5199-4395-8fc3-23d381f4eda8;2026-05-23 22:52:08.326709+00
dff91ed5-e0ee-412d-bbae-4e8400b15f20;premium_cta_v1;A;;ea840d30-5df2-4818-b3aa-1927a3b27fbe;2026-05-23 23:06:31.608968+00
bc45cd60-ea14-435a-8895-6e6453db6a48;premium_cta_v1;B;;8b4ae0d2-078a-45c4-92fe-9ef3696055e7;2026-05-23 23:06:31.641778+00
afaffeac-d3c2-4596-893c-c7d607736bbe;premium_cta_v1;A;;6b90ae91-dd11-47b5-9226-7de979b7f8a7;2026-05-23 23:06:32.693178+00
38aae6df-c5f5-4c7b-b5e9-bf613b9bec01;premium_cta_v1;B;;74b659e3-d90e-4538-aebb-8e4d851d7d54;2026-05-24 00:09:48.375626+00
32db068e-5fba-42a8-bba9-74e2d5f410b4;premium_cta_v1;B;;59a540fc-a7f5-4fc7-bdbf-4bc19f4b1a38;2026-05-24 00:09:48.403211+00
31d9224f-883e-4d6a-acd6-a453a7a7c17a;premium_cta_v1;A;;6dbbda87-13cc-4e28-b7a3-83b549088a03;2026-05-24 00:09:48.425678+00
8873c5c4-3ff2-4221-9b8c-69a6bb89342e;premium_cta_v1;A;;66c9ea24-24e8-4edf-b4f0-d1ce9af6efb5;2026-05-24 05:15:56.704452+00
4c8db114-b151-45f1-9753-552f508c9d11;premium_cta_v1;B;;bc267793-f0d5-4110-976a-6f9eb140c4ac;2026-05-24 06:50:31.427211+00
429fd212-599c-4b94-b471-5a0f4a80a3b5;premium_cta_v1;B;;d71fa541-fd71-4dd1-abd4-0792b6a7bd0d;2026-05-24 07:08:45.422124+00
f82231a8-33e1-46b2-b8fc-2335cf45f642;premium_cta_v1;A;;51096aaa-c200-4921-b1a6-067f26373dfb;2026-05-24 07:08:45.457764+00
b6ac145b-065a-4646-b6fb-e587c594972d;premium_cta_v1;B;;78de1e4a-0b52-42e9-b599-b5bc286ab832;2026-05-24 07:08:46.500144+00
72b6db2e-9608-4e19-82c1-62bed4ff8d6f;premium_cta_v1;B;;6246f9b5-d2fd-4ac7-83ba-b925aecef2df;2026-05-24 07:44:26.404852+00
ed42741b-a448-4d9f-a7a0-6ff06aedab4a;premium_cta_v1;B;;85381646-4d29-4033-83ef-90df949f62b4;2026-05-24 07:45:27.481449+00
38712680-e83a-48c6-8f00-00c447d3bc0d;premium_cta_v1;A;;c9ce410f-9442-47f6-ae11-8cbb93af10ab;2026-05-24 07:56:42.440132+00
005c8d0b-26f1-45d2-92ef-c65fc9cc3fad;premium_cta_v1;A;;06af837f-84eb-4d43-9992-e97ff9e4a9dd;2026-05-24 08:16:35.74199+00
b4bb0035-8e3b-46ac-8752-2efda1d02e3a;premium_cta_v1;A;;75783a35-697f-4077-8fc2-f26be9517f16;2026-05-24 08:39:23.570258+00
96dd1083-ad96-4852-b2c1-3bf87bf5544e;premium_cta_v1;B;;a13e54ad-0991-44cd-b9f3-d6fae05c81c0;2026-05-24 08:57:44.736884+00
f7588976-899a-4491-a331-0cda408eb1c9;premium_cta_v1;B;;ea2bbf66-24fa-4be2-bc21-f75e853ebcbe;2026-05-24 12:10:14.424872+00
cc4b6194-f4ab-4a5b-a8d5-aab5f16b6b30;premium_cta_v1;A;;44542203-e80b-4574-94e3-24caaac85a69;2026-05-24 13:53:29.838063+00
b51308ce-93a7-4840-a4e7-517da9c86d03;premium_cta_v1;B;;c4a738aa-6c04-4106-9b67-9afe9bf19e43;2026-05-25 06:21:42.561388+00
2e9c66d9-a6c1-44fc-80d8-8c73d8e186b0;premium_cta_v1;A;;7d3bff01-7710-4357-b76c-0bbf6cf15851;2026-05-25 08:39:45.093673+00
38a08928-37a8-492a-8988-fdbb89afdf2b;premium_cta_v1;B;;378c4f1f-d7ef-4d4f-ae34-ce3e6cb0e817;2026-05-25 18:36:25.803535+00
a6d4efd5-89c5-407d-85b0-732ad6882649;premium_cta_v1;B;;f6cecbbf-4560-4e7d-a6e4-51490e7c0603;2026-05-25 20:50:26.749856+00
4c4ec00f-feee-4826-80b7-eea08f850db3;premium_cta_v1;B;;b2fbc83f-fcc1-4ff9-965c-bb3fc3d83826;2026-05-26 16:11:37.366688+00
3c1dc66e-cdfb-4ff6-917e-2369e8ff3753;premium_cta_v1;A;;01ef6d1f-dc2a-4bf7-ab61-87fa148ca078;2026-05-26 16:11:42.13647+00
a9dc7f1f-83fd-4cef-b8fe-83be176b0004;premium_cta_v1;A;;dfbbb779-be50-469d-b1b7-dcf50a88957a;2026-05-26 16:11:59.055394+00
17040251-2938-4a36-8f13-2967453e93c0;premium_cta_v1;B;;02ae24a2-81b3-43d8-ad7d-c20fa3aedf5b;2026-05-26 16:11:59.666737+00
fba9d009-ee55-4426-a923-49162957bed0;premium_cta_v1;B;;36304056-8f44-41d7-a9f8-b17687a7df04;2026-05-26 16:13:29.307136+00
0d95798b-8c36-4a88-9592-70a0e192da31;premium_cta_v1;A;;958ff8a1-9e58-44be-8fef-4450a1d3eb18;2026-05-28 03:23:53.295348+00
76b28576-9997-4f2a-9f58-8256c426eb85;premium_cta_v1;A;;ee6937b7-ac24-4204-beb1-1d102dd98e10;2026-05-28 03:23:53.34648+00
62b26056-1715-4397-bbe3-09269211a133;premium_cta_v1;B;;b7befdeb-0750-4f87-a824-747881cbcc5a;2026-05-30 09:04:45.932114+00
4aa9c80b-1efb-40d1-af4e-ce038835d437;premium_cta_v1;A;;c39ff112-d1f6-4d5b-8643-9452b4173381;2026-05-30 17:14:40.336469+00
eb921a30-c992-4ff6-aadf-310023b04874;premium_cta_v1;A;;698379bc-6120-4869-89f8-618af3be47d9;2026-06-02 03:38:56.118589+00
99c4bfcc-f149-4e7e-83a7-b373f3e70212;premium_cta_v1;A;;0ab70145-dd71-4847-acf6-d25ceae025fa;2026-06-02 03:39:00.287368+00
c2b39732-6850-453e-8fd1-98f1904c93fb;premium_cta_v1;A;;0cda6085-458c-4789-9a98-d78db7c471fb;2026-06-02 03:39:00.657853+00
19cacd8a-4389-4ae5-b2c9-1830c6eb0473;premium_cta_v1;B;;06fc2415-3ba8-4c0a-b46a-efb6f65d7614;2026-06-02 14:08:48.803465+00
c62cd987-721f-48eb-83ef-ab6bbef5a2bc;premium_cta_v1;B;;22b74a89-a54a-4322-8a2c-7f73dcd6e22e;2026-06-03 14:28:57.247627+00
61bdcfc0-2c01-4395-94a3-3ab08b6a00d4;premium_cta_v1;B;;0091b10c-df7f-4072-a1ac-1b794777a096;2026-06-04 17:45:09.316572+00
d1e7b5b2-63b8-4106-a183-929a2643d9b5;premium_cta_v1;B;;60e249d8-8eb9-43d8-8b99-82be74c3a8c6;2026-06-04 17:45:10.764707+00
e3a22b0e-2bc4-4ad6-aba6-79a41bfccd03;premium_cta_v1;A;;adebde8b-e480-4fc6-b97f-0ef2ac362f74;2026-06-06 10:05:02.973777+00
8f6eaec6-d2f2-49fe-904f-87549f96784b;premium_cta_v1;B;;2ab58a59-fe69-4740-8e6c-fefd47ab7872;2026-06-07 20:29:07.630581+00
1528fb5c-746e-4541-aba7-fcddd2525d26;premium_cta_v1;B;;b69c30c1-800b-45db-b77c-cbc363969735;2026-06-07 20:29:10.954989+00
97b5e517-6ea3-4462-a976-5105344d2adc;premium_cta_v1;B;;481e56e1-bcaf-4da9-8a06-51ad138db245;2026-06-09 13:16:54.576045+00
e17cdbcf-f503-4ea0-b21d-059e383b37e6;premium_cta_v1;B;;b397a75a-59b1-45a2-9394-e4e3065a146f;2026-06-09 13:46:30.356251+00
6b24111e-9cc4-4e2a-a8ca-888482ef9769;premium_cta_v1;B;;d9c4de97-cb7e-42ea-8ccc-2b7672eb620f;2026-06-09 13:47:56.139794+00
94043b76-03a1-4205-bf25-fbc62fe94a6c;premium_cta_v1;B;;d55d3569-6e21-4320-82cf-14bcc4e0b6b7;2026-06-09 14:07:05.545325+00
362663c7-1915-4027-8e32-0ff6f47a627d;premium_cta_v1;A;;1fdc4d37-77c0-4021-a9d1-d7839ccd4a8b;2026-06-09 23:38:41.739302+00
173f7960-86fb-48ec-84c4-aac577b5ff0d;premium_cta_v1;B;;14ef7051-2ffe-461a-8aa8-f160a94a11e8;2026-06-10 19:13:45.684276+00
cebec438-2dfc-485d-a73e-ac4698bec96e;premium_cta_v1;B;;5d26f8cc-4668-4674-8c74-ba3bea6bc7a3;2026-06-13 17:46:45.681204+00
db208979-0112-45cf-810b-27d188483bc9;premium_cta_v1;A;;d11a69a3-533e-49b0-8a7c-5c11392cd9f5;2026-06-14 15:08:23.901589+00
f0b89ac3-cf51-4446-a9d6-e46010d8d0fb;premium_cta_v1;A;;6855a056-f288-44cc-a9d9-8cea7139f06a;2026-06-14 15:08:23.900982+00
85d5fca5-1e18-45e7-a06c-c40efad8d327;premium_cta_v1;A;;c06b55a8-728d-4a3f-9af8-f1d27fb067b8;2026-06-14 15:08:24.22182+00
382f5e32-d3b3-4864-97d1-7c7bdf7866ce;premium_cta_v1;B;;8c89366e-be5e-465e-abd3-63fe74f9a308;2026-06-14 15:08:27.213912+00
aca788e4-5b8d-4baa-a3c0-0e7b2b54f41d;premium_cta_v1;B;;2db1136d-8f66-497b-b6a5-a6cbbc1b5951;2026-06-15 23:38:49.676973+00
9c5b2174-97fc-4220-89ca-41ebdbc2438a;premium_cta_v1;B;;1a3bcfe0-ce4f-48e3-bc7f-ff32d41afd36;2026-06-17 20:00:56.164343+00
d36f8191-9e8d-4b06-978f-e888a3c559e2;premium_cta_v1;B;;9981d43d-4173-4da1-9e40-333392861d6a;2026-06-20 11:35:30.853576+00
7160eb23-46f2-4f71-aa7b-c64b6ec97050;premium_cta_v1;B;;72ad6b81-5753-4000-ac88-dd5c37107cd5;2026-06-21 05:47:33.144558+00
86ed489b-f73e-4986-8e6f-ee7807402033;premium_cta_v1;A;;6aa261c3-9261-44cf-bed8-4c607a74670f;2026-06-21 15:17:56.789736+00
6a65138f-874f-49be-80dc-684e954dba96;premium_cta_v1;A;;8b3774ab-cb96-4d9e-a581-38846fc8f101;2026-06-21 15:30:02.514323+00